-- phpMyAdmin SQL Dump
-- version 4.6.4
-- https://www.phpmyadmin.net/
--
-- Host: 127.0.0.1
-- Generation Time: Nov 14, 2016 at 05:53 AM
-- Server version: 5.7.14
-- PHP Version: 5.6.25

SET SQL_MODE = "NO_AUTO_VALUE_ON_ZERO";
SET time_zone = "+00:00";


/*!40101 SET @OLD_CHARACTER_SET_CLIENT=@@CHARACTER_SET_CLIENT */;
/*!40101 SET @OLD_CHARACTER_SET_RESULTS=@@CHARACTER_SET_RESULTS */;
/*!40101 SET @OLD_COLLATION_CONNECTION=@@COLLATION_CONNECTION */;
/*!40101 SET NAMES utf8mb4 */;

--
-- Database: `cuala`
--

DELIMITER $$
--
-- Procedures
--
CREATE DEFINER=`root`@`localhost` PROCEDURE `psp_create_event` (IN `titlee` VARCHAR(250), IN `locationn` VARCHAR(250), IN `datee` DATETIME, IN `imagee` VARCHAR(1000), IN `descriptionn` TEXT, IN `created_datee` DATE, OUT `id` INT)  BEGIN
        INSERT INTO bf_tbl_events (title,location,`date`,image,description,created_date)
         VALUES (titlee,locationn,datee,imagee,descriptionn,created_datee);

        SET id = LAST_INSERT_ID();
END$$

CREATE DEFINER=`root`@`localhost` PROCEDURE `psp_create_event_invitation` (IN `event_idd` INT, IN `user_idd` INT, IN `attendingg` TINYINT, OUT `id` INT)  BEGIN
        INSERT INTO bf_tbl_events_invitations (event_id,user_id,attending)
         VALUES (event_idd,user_idd,attendingg);

        SET id = LAST_INSERT_ID();
END$$

CREATE DEFINER=`root`@`localhost` PROCEDURE `psp_create_job` (IN `category_idd` INT, IN `titlee` VARCHAR(255), IN `locationn` VARCHAR(255), IN `descriptionn` TEXT, IN `created_datee` DATE, IN `end_datee` DATE, OUT `id` INT)  BEGIN
        INSERT INTO bf_tbl_jobs (category_id,title,location,description,created_date,end_date)
         VALUES (category_idd,titlee,locationn,descriptionn,created_datee,end_datee);

        SET id = LAST_INSERT_ID();
END$$

CREATE DEFINER=`root`@`localhost` PROCEDURE `psp_create_job_category` (IN `namee` VARCHAR(255), OUT `id` INT)  BEGIN
        INSERT INTO bf_tbl_job_category (`name`) VALUES (namee);

        SET id = LAST_INSERT_ID();
END$$

CREATE DEFINER=`root`@`localhost` PROCEDURE `psp_create_news` (IN `headlinee` VARCHAR(250), IN `brieff` VARCHAR(150), IN `descriptionn` TEXT, IN `authorr` VARCHAR(150), IN `publish_datee` DATE, IN `tweet_textt` VARCHAR(140), IN `created_datee` DATE, IN `tagss` TEXT, IN `imagee` VARCHAR(1000), IN `deletedd` TINYINT, OUT `id` INT)  BEGIN
	INSERT INTO bf_tbl_news(headline,brief,description,author,publish_date,tweet_text,created_date,tags,image,deleted)
    VALUES(headlinee,brieff,descriptionn,authorr,publish_datee,tweet_textt,created_datee,tagss,imagee,deletedd);

	SET id = LAST_INSERT_ID();
END$$

CREATE DEFINER=`root`@`localhost` PROCEDURE `psp_create_news_comment` (IN `news_idd` INT, IN `user_idd` INT, IN `commentt` TEXT, OUT `id` INT)  BEGIN
        INSERT INTO bf_tbl_news_comments (news_id,user_id,comment)
         VALUES (news_idd,user_idd,commentt);

        SET id = LAST_INSERT_ID();
END$$

CREATE DEFINER=`root`@`localhost` PROCEDURE `psp_create_user` (IN `fb_idd` VARCHAR(30), IN `namee` VARCHAR(255), IN `emaill` VARCHAR(255), IN `phonee` VARCHAR(255), IN `matric_noo` VARCHAR(11), IN `reg_noo` VARCHAR(10), IN `grad_yearr` INT, IN `imagee` VARCHAR(255), IN `coursee` VARCHAR(255), IN `occupationn` VARCHAR(255), OUT `id` INT)  BEGIN
	INSERT INTO bf_tbl_users(fb_id,`name`,email,phone,matric_no,reg_no,image,grad_year,course,occupation)
    VALUES(fb_idd,namee,emaill,phonee,matric_noo,reg_noo,imagee,grad_yearr,coursee,occupationn);

	SET id = LAST_INSERT_ID();
END$$

CREATE DEFINER=`root`@`localhost` PROCEDURE `psp_delete_news` (IN `idd` INT)  BEGIN
        UPDATE bf_tbl_news SET deleted=true WHERE id=idd;

END$$

CREATE DEFINER=`root`@`localhost` PROCEDURE `psp_fetch_paginated_news` (IN `page_size` INT, IN `page_num` INT)  BEGIN
    DECLARE offsett INT;
    SET offsett = (page_num - 1) * page_size;
	SELECT * FROM bf_tbl_news WHERE deleted=false ORDER BY id desc LIMIT offsett,page_size;

END$$

CREATE DEFINER=`root`@`localhost` PROCEDURE `psp_get_events_between_date` (IN `start_datee` DATE, IN `end_datee` DATE)  BEGIN
    SELECT * FROM bf_tbl_events WHERE  CAST(date AS DATE) >= CAST(start_datee AS DATE) AND date<=CAST(end_datee AS DATE) ORDER BY id desc;
END$$

CREATE DEFINER=`root`@`localhost` PROCEDURE `psp_get_event_by_date` (IN `datee` DATE)  BEGIN
    SELECT * FROM bf_tbl_events WHERE CAST(date AS DATE)=CAST(datee AS DATE) ORDER BY id desc;
END$$

CREATE DEFINER=`root`@`localhost` PROCEDURE `psp_get_event_by_id` (IN `idd` INT)  BEGIN
    SELECT * FROM bf_tbl_events WHERE id=idd;
END$$

CREATE DEFINER=`root`@`localhost` PROCEDURE `psp_get_jobs_per_category` (IN `category_idd` INT, IN `page_size` INT, IN `page_num` INT)  BEGIN
    DECLARE offsett INT;
    SET offsett = (page_num - 1) * page_size;
	SELECT * FROM bf_tbl_jobs WHERE category_id=category_idd ORDER BY id desc LIMIT offsett,page_size;

END$$

CREATE DEFINER=`root`@`localhost` PROCEDURE `psp_get_job_by_id` (IN `idd` INT)  BEGIN
    SELECT bf_tbl_jobs.*, bf_tbl_job_category.name as category_name FROM bf_tbl_jobs 
      JOIN bf_tbl_job_category ON bf_tbl_jobs.category_id=bf_tbl_job_category.id
      WHERE bf_tbl_jobs.id=idd;
END$$

CREATE DEFINER=`root`@`localhost` PROCEDURE `psp_get_job_categories` ()  BEGIN
    SELECT * FROM bf_tbl_job_category;

END$$

CREATE DEFINER=`root`@`localhost` PROCEDURE `psp_get_news_by_id` (IN `idd` INT)  BEGIN

	SELECT * FROM bf_tbl_news WHERE id=idd;

END$$

CREATE DEFINER=`root`@`localhost` PROCEDURE `psp_get_paginated_events` (IN `page_size` INT, IN `page_num` INT)  BEGIN
    DECLARE offsett INT;
    SET offsett = (page_num - 1) * page_size;
	SELECT * FROM bf_tbl_events WHERE deleted=false ORDER BY id DESC LIMIT offsett,page_size;

END$$

CREATE DEFINER=`root`@`localhost` PROCEDURE `psp_get_paginated_jobs` (IN `page_size` INT, IN `page_num` INT)  BEGIN
    DECLARE offsett INT;
    SET offsett = (page_num - 1) * page_size;
SELECT bf_tbl_jobs.* , bf_tbl_job_category.name as category_name 
FROM bf_tbl_jobs JOIN bf_tbl_job_category ON bf_tbl_jobs.category_id=bf_tbl_job_category.id
  ORDER BY id desc LIMIT offsett,page_size; 
   
END$$

CREATE DEFINER=`root`@`localhost` PROCEDURE `psp_get_user_event_invitation_response` (IN `event_idd` INT, IN `user_idd` INT)  BEGIN
      SELECT * FROM bf_tbl_events_invitations WHERE event_id=event_idd AND user_id = user_idd;

END$$

CREATE DEFINER=`root`@`localhost` PROCEDURE `psp_retrieve_users` (IN `page_num` INT, IN `page_size` INT)  BEGIN
    DECLARE offsett INT;
    SET offsett = (page_num - 1) * page_size;
    SELECT * FROM bf_tbl_users ORDER BY name asc LIMIT offsett,page_size;

END$$

CREATE DEFINER=`root`@`localhost` PROCEDURE `psp_retrieve_users_by_course` (IN `page_num` INT, IN `page_size` INT, IN `coursee` VARCHAR(100))  BEGIN
    DECLARE offsett INT;
    SET offsett = (page_num - 1) * page_size;
    SELECT * FROM bf_tbl_users WHERE course=coursee ORDER BY name asc LIMIT offsett,page_size;

END$$

CREATE DEFINER=`root`@`localhost` PROCEDURE `psp_retrieve_users_by_grad_year` (IN `page_num` INT, IN `page_size` INT, IN `grad_yearr` INT)  BEGIN
    DECLARE offsett INT;
    SET offsett = (page_num - 1) * page_size;
    SELECT * FROM bf_tbl_users WHERE grad_year=grad_yearr ORDER BY name asc LIMIT offsett,page_size;

END$$

CREATE DEFINER=`root`@`localhost` PROCEDURE `psp_retrieve_user_by_email` (IN `userEmail` VARCHAR(50))  BEGIN
	SELECT * FROM bf_tbl_users WHERE email=userEmail;
END$$

CREATE DEFINER=`root`@`localhost` PROCEDURE `psp_retrieve_user_by_facebook_id` (IN `facebook_id` VARCHAR(30))  BEGIN
	SELECT * FROM bf_tbl_users WHERE fb_id=facebook_id;
END$$

CREATE DEFINER=`root`@`localhost` PROCEDURE `psp_retrieve_user_by_id` (IN `userId` INT)  BEGIN
	SELECT * FROM bf_tbl_users WHERE id=userId;
END$$

CREATE DEFINER=`root`@`localhost` PROCEDURE `psp_retrieve_user_by_matric_no` (IN `matricNumber` VARCHAR(50))  BEGIN
	SELECT * FROM bf_tbl_users WHERE matric_no=matricNumber;
END$$

CREATE DEFINER=`root`@`localhost` PROCEDURE `psp_retrieve_user_by_phone` (IN `mobileNumber` VARCHAR(50))  BEGIN
	SELECT * FROM bf_tbl_users WHERE phone=mobileNumber;
END$$

CREATE DEFINER=`root`@`localhost` PROCEDURE `psp_search_users_by_name` (IN `page_num` INT, IN `page_size` INT, IN `namee` VARCHAR(255))  BEGIN
    DECLARE offsett INT;
    SET offsett = (page_num - 1) * page_size;
    SELECT * FROM bf_tbl_users WHERE name LIKE CONCAT('%',namee,'%') LIMIT offsett,page_size;

END$$

CREATE DEFINER=`root`@`localhost` PROCEDURE `psp_update_job` (IN `idd` INT, IN `category_idd` INT, IN `titlee` VARCHAR(255), IN `locationn` VARCHAR(255), IN `descriptionn` TEXT, IN `created_datee` DATE, IN `end_datee` DATE)  BEGIN
        UPDATE bf_tbl_jobs SET category_id=category_idd,title=titlee, location=locationn, description=descriptionn, created_date=created_datee, end_date=end_datee WHERE id=idd;
END$$

CREATE DEFINER=`root`@`localhost` PROCEDURE `psp_update_news` (IN `idd` INT, IN `headlinee` VARCHAR(250), IN `brieff` VARCHAR(150), IN `descriptionn` TEXT, IN `authorr` VARCHAR(150), IN `publish_datee` DATE, IN `tweet_textt` VARCHAR(140), IN `created_datee` DATE, IN `tagss` TEXT, IN `imagee` VARCHAR(1000), IN `deletedd` TINYINT)  BEGIN
    UPDATE bf_tbl_news SET headline=headlinee, brief=brieff, description= descriptionn, author=authorr, publish_date= publish_datee,tweet_text=tweet_textt,created_date=created_datee,
    tags=tagss,image =imagee,deleted=deletedd WHERE id=idd;

END$$

CREATE DEFINER=`root`@`localhost` PROCEDURE `psp_update_user` (IN `idd` INT, IN `fb_idd` VARCHAR(30), IN `namee` VARCHAR(255), IN `emaill` VARCHAR(255), IN `phonee` VARCHAR(255), IN `matric_noo` VARCHAR(11), IN `reg_noo` VARCHAR(10), IN `grad_yearr` INT, IN `imagee` VARCHAR(255), IN `coursee` VARCHAR(255), IN `occupationn` VARCHAR(255))  BEGIN
     UPDATE bf_tbl_users SET fb_id=fb_idd ,`name`=namee, email=emaill,phone=phonee,matric_no=matric_noo,reg_no=reg_noo,grad_year=grad_yearr,
     course=coursee,occupation=occupationn,image=imagee WHERE id=idd;
END$$

DELIMITER ;

-- --------------------------------------------------------

--
-- Table structure for table `bf_activities`
--

CREATE TABLE `bf_activities` (
  `activity_id` bigint(20) NOT NULL,
  `user_id` bigint(20) UNSIGNED NOT NULL DEFAULT '0',
  `activity` varchar(255) NOT NULL,
  `module` varchar(255) NOT NULL,
  `created_on` datetime NOT NULL,
  `deleted` tinyint(12) NOT NULL DEFAULT '0'
) ENGINE=MyISAM DEFAULT CHARSET=utf8;

--
-- Dumping data for table `bf_activities`
--

INSERT INTO `bf_activities` (`activity_id`, `user_id`, `activity`, `module`, `created_on`, `deleted`) VALUES
(1, 1, 'logged in from: ::1', 'users', '2016-11-06 17:04:31', 0),
(2, 1, 'logged in from: ::1', 'users', '2016-11-08 09:43:21', 0),
(3, 1, 'logged in from: ::1', 'users', '2016-11-13 21:54:23', 0),
(4, 1, 'logged in from: ::1', 'users', '2016-11-14 05:46:08', 0);

-- --------------------------------------------------------

--
-- Table structure for table `bf_ci3_sessions`
--

CREATE TABLE `bf_ci3_sessions` (
  `id` varchar(40) NOT NULL,
  `ip_address` varchar(45) NOT NULL,
  `timestamp` int(10) UNSIGNED NOT NULL DEFAULT '0',
  `data` blob NOT NULL
) ENGINE=MyISAM DEFAULT CHARSET=utf8;

--
-- Dumping data for table `bf_ci3_sessions`
--

INSERT INTO `bf_ci3_sessions` (`id`, `ip_address`, `timestamp`, `data`) VALUES
('094367aadb31f8b24e5b59828feec30206140147', '::1', 1478451886, 0x5f5f63695f6c6173745f726567656e65726174657c693a313437383435313832333b7265717565737465645f706167657c733a35343a22687474703a2f2f6c6f63616c686f73742f616c756d6e692f7075626c69632f696e6465782e7068702f61646d696e2f636f6e74656e74223b70726576696f75735f706167657c733a35343a22687474703a2f2f6c6f63616c686f73742f616c756d6e692f7075626c69632f696e6465782e7068702f61646d696e2f636f6e74656e74223b757365725f69647c733a313a2231223b617574685f637573746f6d7c733a353a2261646d696e223b757365725f746f6b656e7c733a34303a2230383734373565383733636339316636343065323931626666626634323264336662623836343366223b6964656e746974797c733a31393a2261646d696e406d79626f6e666972652e636f6d223b726f6c655f69647c733a313a2231223b6c6f676765645f696e7c623a313b6c616e67756167657c733a373a22656e676c697368223b),
('593dff6766b58a657a6a8b895c82023d03c27811', '::1', 1478497123, 0x5f5f63695f6c6173745f726567656e65726174657c693a313437383439373132313b7265717565737465645f706167657c733a34303a22687474703a2f2f6c6f63616c686f73742f616c756d6e692f7075626c69632f696e6465782e706870223b757365725f69647c733a313a2231223b617574685f637573746f6d7c733a353a2261646d696e223b757365725f746f6b656e7c733a34303a2230383734373565383733636339316636343065323931626666626634323264336662623836343366223b6964656e746974797c733a31393a2261646d696e406d79626f6e666972652e636f6d223b726f6c655f69647c733a313a2231223b6c6f676765645f696e7c623a313b70726576696f75735f706167657c733a34303a22687474703a2f2f6c6f63616c686f73742f616c756d6e692f7075626c69632f696e6465782e706870223b),
('9cca915242e116434f224e6ccfe9f36bd9aed3e6', '::1', 1478497123, 0x5f5f63695f6c6173745f726567656e65726174657c693a313437383439373132313b7265717565737465645f706167657c733a35353a22687474703a2f2f6c6f63616c686f73742f616c756d6e692f7075626c69632f696e6465782e7068702f646f63732f646576656c6f706572223b70726576696f75735f706167657c733a35353a22687474703a2f2f6c6f63616c686f73742f616c756d6e692f7075626c69632f696e6465782e7068702f646f63732f646576656c6f706572223b),
('bde1a4c9c99c32f8350f0b316594fbfd66ff5ed3', '::1', 1478497402, 0x5f5f63695f6c6173745f726567656e65726174657c693a313437383439373132313b7265717565737465645f706167657c733a35343a22687474703a2f2f6c6f63616c686f73742f616c756d6e692f7075626c69632f696e6465782e7068702f61646d696e2f636f6e74656e74223b757365725f69647c733a313a2231223b617574685f637573746f6d7c733a353a2261646d696e223b757365725f746f6b656e7c733a34303a2230383734373565383733636339316636343065323931626666626634323264336662623836343366223b6964656e746974797c733a31393a2261646d696e406d79626f6e666972652e636f6d223b726f6c655f69647c733a313a2231223b6c6f676765645f696e7c623a313b6c616e67756167657c733a373a22656e676c697368223b70726576696f75735f706167657c733a35343a22687474703a2f2f6c6f63616c686f73742f616c756d6e692f7075626c69632f696e6465782e7068702f61646d696e2f636f6e74656e74223b),
('32ce48a28d392ae00bc0138a3fdcd11c6922b37a', '::1', 1478497664, 0x5f5f63695f6c6173745f726567656e65726174657c693a313437383439373634323b7265717565737465645f706167657c733a35313a22687474703a2f2f6c6f63616c686f73742f616c756d6e692f7075626c69632f696e6465782e7068702f61646d696e2f6e657773223b757365725f69647c733a313a2231223b617574685f637573746f6d7c733a353a2261646d696e223b757365725f746f6b656e7c733a34303a2230383734373565383733636339316636343065323931626666626634323264336662623836343366223b6964656e746974797c733a31393a2261646d696e406d79626f6e666972652e636f6d223b726f6c655f69647c733a313a2231223b6c6f676765645f696e7c623a313b6c616e67756167657c733a373a22656e676c697368223b70726576696f75735f706167657c733a35343a22687474703a2f2f6c6f63616c686f73742f616c756d6e692f7075626c69632f696e6465782e7068702f61646d696e2f636f6e74656e74223b),
('5e97b7a50a3281c049e1df896cda6c79018cd72b', '::1', 1478498065, 0x5f5f63695f6c6173745f726567656e65726174657c693a313437383439383036353b7265717565737465645f706167657c733a35313a22687474703a2f2f6c6f63616c686f73742f616c756d6e692f7075626c69632f696e6465782e7068702f61646d696e2f6e657773223b757365725f69647c733a313a2231223b617574685f637573746f6d7c733a353a2261646d696e223b757365725f746f6b656e7c733a34303a2230383734373565383733636339316636343065323931626666626634323264336662623836343366223b6964656e746974797c733a31393a2261646d696e406d79626f6e666972652e636f6d223b726f6c655f69647c733a313a2231223b6c6f676765645f696e7c623a313b6c616e67756167657c733a373a22656e676c697368223b),
('3c53c1741d52a1a9d79249240df6c98ed6f2ce62', '::1', 1478498698, 0x5f5f63695f6c6173745f726567656e65726174657c693a313437383439383635343b7265717565737465645f706167657c733a36373a22687474703a2f2f6c6f63616c686f73742f616c756d6e692f7075626c69632f696e6465782e7068702f61646d696e2f73657474696e67732f7065726d697373696f6e73223b757365725f69647c733a313a2231223b617574685f637573746f6d7c733a353a2261646d696e223b757365725f746f6b656e7c733a34303a2230383734373565383733636339316636343065323931626666626634323264336662623836343366223b6964656e746974797c733a31393a2261646d696e406d79626f6e666972652e636f6d223b726f6c655f69647c733a313a2231223b6c6f676765645f696e7c623a313b6c616e67756167657c733a373a22656e676c697368223b70726576696f75735f706167657c733a36373a22687474703a2f2f6c6f63616c686f73742f616c756d6e692f7075626c69632f696e6465782e7068702f61646d696e2f73657474696e67732f7065726d697373696f6e73223b),
('5463a964f4c3bc864a8c29482e98911e9944a550', '::1', 1478500121, 0x5f5f63695f6c6173745f726567656e65726174657c693a313437383530303035363b7265717565737465645f706167657c733a35313a22687474703a2f2f6c6f63616c686f73742f616c756d6e692f7075626c69632f696e6465782e7068702f61646d696e2f6e657773223b757365725f69647c733a313a2231223b617574685f637573746f6d7c733a353a2261646d696e223b757365725f746f6b656e7c733a34303a2230383734373565383733636339316636343065323931626666626634323264336662623836343366223b6964656e746974797c733a31393a2261646d696e406d79626f6e666972652e636f6d223b726f6c655f69647c733a313a2231223b6c6f676765645f696e7c623a313b6c616e67756167657c733a373a22656e676c697368223b70726576696f75735f706167657c733a35313a22687474703a2f2f6c6f63616c686f73742f616c756d6e692f7075626c69632f696e6465782e7068702f61646d696e2f6e657773223b),
('6761cc7a4fc8c60fd39ebb44d654997bcf42c7c1', '::1', 1478501277, 0x5f5f63695f6c6173745f726567656e65726174657c693a313437383530313237333b7265717565737465645f706167657c733a35343a22687474703a2f2f6c6f63616c686f73742f616c756d6e692f7075626c69632f696e6465782e7068702f61646d696e2f636f6e74656e74223b757365725f69647c733a313a2231223b617574685f637573746f6d7c733a353a2261646d696e223b757365725f746f6b656e7c733a34303a2230383734373565383733636339316636343065323931626666626634323264336662623836343366223b6964656e746974797c733a31393a2261646d696e406d79626f6e666972652e636f6d223b726f6c655f69647c733a313a2231223b6c6f676765645f696e7c623a313b6c616e67756167657c733a373a22656e676c697368223b70726576696f75735f706167657c733a35343a22687474703a2f2f6c6f63616c686f73742f616c756d6e692f7075626c69632f696e6465782e7068702f61646d696e2f636f6e74656e74223b),
('64053f92fe917c05cb02e9f905008d2c443802e7', '::1', 1478501650, 0x5f5f63695f6c6173745f726567656e65726174657c693a313437383530313632393b7265717565737465645f706167657c733a35343a22687474703a2f2f6c6f63616c686f73742f616c756d6e692f7075626c69632f696e6465782e7068702f61646d696e2f636f6e74656e74223b757365725f69647c733a313a2231223b617574685f637573746f6d7c733a353a2261646d696e223b757365725f746f6b656e7c733a34303a2230383734373565383733636339316636343065323931626666626634323264336662623836343366223b6964656e746974797c733a31393a2261646d696e406d79626f6e666972652e636f6d223b726f6c655f69647c733a313a2231223b6c6f676765645f696e7c623a313b6c616e67756167657c733a373a22656e676c697368223b70726576696f75735f706167657c733a35343a22687474703a2f2f6c6f63616c686f73742f616c756d6e692f7075626c69632f696e6465782e7068702f61646d696e2f636f6e74656e74223b),
('fefc3683ccf817da5c872f265a9464269761b8f1', '::1', 1478528764, 0x5f5f63695f6c6173745f726567656e65726174657c693a313437383532383530343b7265717565737465645f706167657c733a35343a22687474703a2f2f6c6f63616c686f73742f616c756d6e692f7075626c69632f696e6465782e7068702f61646d696e2f636f6e74656e74223b757365725f69647c733a313a2231223b617574685f637573746f6d7c733a353a2261646d696e223b757365725f746f6b656e7c733a34303a2230383734373565383733636339316636343065323931626666626634323264336662623836343366223b6964656e746974797c733a31393a2261646d696e406d79626f6e666972652e636f6d223b726f6c655f69647c733a313a2231223b6c6f676765645f696e7c623a313b6c616e67756167657c733a373a22656e676c697368223b70726576696f75735f706167657c733a35343a22687474703a2f2f6c6f63616c686f73742f616c756d6e692f7075626c69632f696e6465782e7068702f61646d696e2f636f6e74656e74223b),
('6be8221780c418f8323491ddce4be956df12c618', '::1', 1478529180, 0x5f5f63695f6c6173745f726567656e65726174657c693a313437383532383938393b7265717565737465645f706167657c733a35343a22687474703a2f2f6c6f63616c686f73742f616c756d6e692f7075626c69632f696e6465782e7068702f61646d696e2f636f6e74656e74223b757365725f69647c733a313a2231223b617574685f637573746f6d7c733a353a2261646d696e223b757365725f746f6b656e7c733a34303a2230383734373565383733636339316636343065323931626666626634323264336662623836343366223b6964656e746974797c733a31393a2261646d696e406d79626f6e666972652e636f6d223b726f6c655f69647c733a313a2231223b6c6f676765645f696e7c623a313b6c616e67756167657c733a373a22656e676c697368223b70726576696f75735f706167657c733a35343a22687474703a2f2f6c6f63616c686f73742f616c756d6e692f7075626c69632f696e6465782e7068702f61646d696e2f636f6e74656e74223b),
('3bcf7d9d416437b1f008adb8ab7349665099e6b0', '::1', 1478529513, 0x5f5f63695f6c6173745f726567656e65726174657c693a313437383532393331393b7265717565737465645f706167657c733a35343a22687474703a2f2f6c6f63616c686f73742f616c756d6e692f7075626c69632f696e6465782e7068702f61646d696e2f636f6e74656e74223b757365725f69647c733a313a2231223b617574685f637573746f6d7c733a353a2261646d696e223b757365725f746f6b656e7c733a34303a2230383734373565383733636339316636343065323931626666626634323264336662623836343366223b6964656e746974797c733a31393a2261646d696e406d79626f6e666972652e636f6d223b726f6c655f69647c733a313a2231223b6c6f676765645f696e7c623a313b6c616e67756167657c733a373a22656e676c697368223b70726576696f75735f706167657c733a35343a22687474703a2f2f6c6f63616c686f73742f616c756d6e692f7075626c69632f696e6465782e7068702f61646d696e2f636f6e74656e74223b),
('e08b4df3565edde65ac36dfec595a67a5f9dce23', '::1', 1478529950, 0x5f5f63695f6c6173745f726567656e65726174657c693a313437383532393735343b7265717565737465645f706167657c733a35343a22687474703a2f2f6c6f63616c686f73742f616c756d6e692f7075626c69632f696e6465782e7068702f61646d696e2f636f6e74656e74223b757365725f69647c733a313a2231223b617574685f637573746f6d7c733a353a2261646d696e223b757365725f746f6b656e7c733a34303a2230383734373565383733636339316636343065323931626666626634323264336662623836343366223b6964656e746974797c733a31393a2261646d696e406d79626f6e666972652e636f6d223b726f6c655f69647c733a313a2231223b6c6f676765645f696e7c623a313b6c616e67756167657c733a373a22656e676c697368223b70726576696f75735f706167657c733a35343a22687474703a2f2f6c6f63616c686f73742f616c756d6e692f7075626c69632f696e6465782e7068702f61646d696e2f636f6e74656e74223b),
('27cd92da0571f3e4bc87380abe70ccdd92a2f401', '::1', 1478531076, 0x5f5f63695f6c6173745f726567656e65726174657c693a313437383533303738333b7265717565737465645f706167657c733a35343a22687474703a2f2f6c6f63616c686f73742f616c756d6e692f7075626c69632f696e6465782e7068702f61646d696e2f636f6e74656e74223b757365725f69647c733a313a2231223b617574685f637573746f6d7c733a353a2261646d696e223b757365725f746f6b656e7c733a34303a2230383734373565383733636339316636343065323931626666626634323264336662623836343366223b6964656e746974797c733a31393a2261646d696e406d79626f6e666972652e636f6d223b726f6c655f69647c733a313a2231223b6c6f676765645f696e7c623a313b6c616e67756167657c733a373a22656e676c697368223b70726576696f75735f706167657c733a35343a22687474703a2f2f6c6f63616c686f73742f616c756d6e692f7075626c69632f696e6465782e7068702f61646d696e2f636f6e74656e74223b),
('05dda0258bb0a7f9ec71953b6cf72e4c5850320f', '::1', 1478531144, 0x5f5f63695f6c6173745f726567656e65726174657c693a313437383533313039343b7265717565737465645f706167657c733a35343a22687474703a2f2f6c6f63616c686f73742f616c756d6e692f7075626c69632f696e6465782e7068702f61646d696e2f636f6e74656e74223b757365725f69647c733a313a2231223b617574685f637573746f6d7c733a353a2261646d696e223b757365725f746f6b656e7c733a34303a2230383734373565383733636339316636343065323931626666626634323264336662623836343366223b6964656e746974797c733a31393a2261646d696e406d79626f6e666972652e636f6d223b726f6c655f69647c733a313a2231223b6c6f676765645f696e7c623a313b6c616e67756167657c733a373a22656e676c697368223b70726576696f75735f706167657c733a35343a22687474703a2f2f6c6f63616c686f73742f616c756d6e692f7075626c69632f696e6465782e7068702f61646d696e2f636f6e74656e74223b),
('e9940f971bf049ed964b34086f998d07d8ba4f19', '::1', 1478532214, 0x5f5f63695f6c6173745f726567656e65726174657c693a313437383533323231323b7265717565737465645f706167657c733a35343a22687474703a2f2f6c6f63616c686f73742f616c756d6e692f7075626c69632f696e6465782e7068702f61646d696e2f636f6e74656e74223b757365725f69647c733a313a2231223b617574685f637573746f6d7c733a353a2261646d696e223b757365725f746f6b656e7c733a34303a2230383734373565383733636339316636343065323931626666626634323264336662623836343366223b6964656e746974797c733a31393a2261646d696e406d79626f6e666972652e636f6d223b726f6c655f69647c733a313a2231223b6c6f676765645f696e7c623a313b6c616e67756167657c733a373a22656e676c697368223b70726576696f75735f706167657c733a35343a22687474703a2f2f6c6f63616c686f73742f616c756d6e692f7075626c69632f696e6465782e7068702f61646d696e2f636f6e74656e74223b),
('bc18882acb990a4fc0b0312a47bbb9484a159491', '::1', 1478533504, 0x5f5f63695f6c6173745f726567656e65726174657c693a313437383533333436303b7265717565737465645f706167657c733a35343a22687474703a2f2f6c6f63616c686f73742f616c756d6e692f7075626c69632f696e6465782e7068702f61646d696e2f636f6e74656e74223b757365725f69647c733a313a2231223b617574685f637573746f6d7c733a353a2261646d696e223b757365725f746f6b656e7c733a34303a2230383734373565383733636339316636343065323931626666626634323264336662623836343366223b6964656e746974797c733a31393a2261646d696e406d79626f6e666972652e636f6d223b726f6c655f69647c733a313a2231223b6c6f676765645f696e7c623a313b6c616e67756167657c733a373a22656e676c697368223b70726576696f75735f706167657c733a35343a22687474703a2f2f6c6f63616c686f73742f616c756d6e692f7075626c69632f696e6465782e7068702f61646d696e2f636f6e74656e74223b),
('37028f2b23470d73d3360427610f86323861b1de', '::1', 1478534092, 0x5f5f63695f6c6173745f726567656e65726174657c693a313437383533333832343b7265717565737465645f706167657c733a35343a22687474703a2f2f6c6f63616c686f73742f616c756d6e692f7075626c69632f696e6465782e7068702f61646d696e2f636f6e74656e74223b757365725f69647c733a313a2231223b617574685f637573746f6d7c733a353a2261646d696e223b757365725f746f6b656e7c733a34303a2230383734373565383733636339316636343065323931626666626634323264336662623836343366223b6964656e746974797c733a31393a2261646d696e406d79626f6e666972652e636f6d223b726f6c655f69647c733a313a2231223b6c6f676765645f696e7c623a313b6c616e67756167657c733a373a22656e676c697368223b70726576696f75735f706167657c733a35343a22687474703a2f2f6c6f63616c686f73742f616c756d6e692f7075626c69632f696e6465782e7068702f61646d696e2f636f6e74656e74223b),
('8c93aa2f68b3d13225235d84893a772dbd16f8b9', '::1', 1478534425, 0x5f5f63695f6c6173745f726567656e65726174657c693a313437383533343134333b7265717565737465645f706167657c733a35343a22687474703a2f2f6c6f63616c686f73742f616c756d6e692f7075626c69632f696e6465782e7068702f61646d696e2f636f6e74656e74223b757365725f69647c733a313a2231223b617574685f637573746f6d7c733a353a2261646d696e223b757365725f746f6b656e7c733a34303a2230383734373565383733636339316636343065323931626666626634323264336662623836343366223b6964656e746974797c733a31393a2261646d696e406d79626f6e666972652e636f6d223b726f6c655f69647c733a313a2231223b6c6f676765645f696e7c623a313b6c616e67756167657c733a373a22656e676c697368223b70726576696f75735f706167657c733a35343a22687474703a2f2f6c6f63616c686f73742f616c756d6e692f7075626c69632f696e6465782e7068702f61646d696e2f636f6e74656e74223b),
('0e6469372cc2b223d9740fe0181b4512bac6b26a', '::1', 1478589268, 0x5f5f63695f6c6173745f726567656e65726174657c693a313437383538393236303b7265717565737465645f706167657c733a35343a22687474703a2f2f6c6f63616c686f73742f616c756d6e692f7075626c69632f696e6465782e7068702f61646d696e2f636f6e74656e74223b757365725f69647c733a313a2231223b617574685f637573746f6d7c733a353a2261646d696e223b757365725f746f6b656e7c733a34303a2230383734373565383733636339316636343065323931626666626634323264336662623836343366223b6964656e746974797c733a31393a2261646d696e406d79626f6e666972652e636f6d223b726f6c655f69647c733a313a2231223b6c6f676765645f696e7c623a313b6c616e67756167657c733a373a22656e676c697368223b70726576696f75735f706167657c733a35343a22687474703a2f2f6c6f63616c686f73742f616c756d6e692f7075626c69632f696e6465782e7068702f61646d696e2f636f6e74656e74223b),
('ebdd9a09f171e8d787363e749f8cbd5caf579bc2', '::1', 1478590021, 0x5f5f63695f6c6173745f726567656e65726174657c693a313437383538393734333b7265717565737465645f706167657c733a35343a22687474703a2f2f6c6f63616c686f73742f616c756d6e692f7075626c69632f696e6465782e7068702f61646d696e2f636f6e74656e74223b757365725f69647c733a313a2231223b617574685f637573746f6d7c733a353a2261646d696e223b757365725f746f6b656e7c733a34303a2230383734373565383733636339316636343065323931626666626634323264336662623836343366223b6964656e746974797c733a31393a2261646d696e406d79626f6e666972652e636f6d223b726f6c655f69647c733a313a2231223b6c6f676765645f696e7c623a313b6c616e67756167657c733a373a22656e676c697368223b70726576696f75735f706167657c733a35343a22687474703a2f2f6c6f63616c686f73742f616c756d6e692f7075626c69632f696e6465782e7068702f61646d696e2f636f6e74656e74223b),
('4f4e93c04951acd739c797f2bda401f4b0698f6d', '::1', 1478590360, 0x5f5f63695f6c6173745f726567656e65726174657c693a313437383539303036373b7265717565737465645f706167657c733a35343a22687474703a2f2f6c6f63616c686f73742f616c756d6e692f7075626c69632f696e6465782e7068702f61646d696e2f636f6e74656e74223b757365725f69647c733a313a2231223b617574685f637573746f6d7c733a353a2261646d696e223b757365725f746f6b656e7c733a34303a2230383734373565383733636339316636343065323931626666626634323264336662623836343366223b6964656e746974797c733a31393a2261646d696e406d79626f6e666972652e636f6d223b726f6c655f69647c733a313a2231223b6c6f676765645f696e7c623a313b6c616e67756167657c733a373a22656e676c697368223b70726576696f75735f706167657c733a35343a22687474703a2f2f6c6f63616c686f73742f616c756d6e692f7075626c69632f696e6465782e7068702f61646d696e2f636f6e74656e74223b),
('f074f15bef0352708358ecfca2f6eb1c6eceb649', '::1', 1478590564, 0x5f5f63695f6c6173745f726567656e65726174657c693a313437383539303434363b7265717565737465645f706167657c733a35343a22687474703a2f2f6c6f63616c686f73742f616c756d6e692f7075626c69632f696e6465782e7068702f61646d696e2f636f6e74656e74223b757365725f69647c733a313a2231223b617574685f637573746f6d7c733a353a2261646d696e223b757365725f746f6b656e7c733a34303a2230383734373565383733636339316636343065323931626666626634323264336662623836343366223b6964656e746974797c733a31393a2261646d696e406d79626f6e666972652e636f6d223b726f6c655f69647c733a313a2231223b6c6f676765645f696e7c623a313b6c616e67756167657c733a373a22656e676c697368223b70726576696f75735f706167657c733a35343a22687474703a2f2f6c6f63616c686f73742f616c756d6e692f7075626c69632f696e6465782e7068702f61646d696e2f636f6e74656e74223b),
('1ee11aeec4a3bc95e71cf0b3a3c0f48f7a5da034', '::1', 1478590844, 0x5f5f63695f6c6173745f726567656e65726174657c693a313437383539303834303b7265717565737465645f706167657c733a35343a22687474703a2f2f6c6f63616c686f73742f616c756d6e692f7075626c69632f696e6465782e7068702f61646d696e2f636f6e74656e74223b757365725f69647c733a313a2231223b617574685f637573746f6d7c733a353a2261646d696e223b757365725f746f6b656e7c733a34303a2230383734373565383733636339316636343065323931626666626634323264336662623836343366223b6964656e746974797c733a31393a2261646d696e406d79626f6e666972652e636f6d223b726f6c655f69647c733a313a2231223b6c6f676765645f696e7c623a313b6c616e67756167657c733a373a22656e676c697368223b70726576696f75735f706167657c733a35343a22687474703a2f2f6c6f63616c686f73742f616c756d6e692f7075626c69632f696e6465782e7068702f61646d696e2f636f6e74656e74223b),
('dac5c57a93506dfbbc24aef5c7aae216505169b4', '::1', 1478597248, 0x5f5f63695f6c6173745f726567656e65726174657c693a313437383539363939353b7265717565737465645f706167657c733a35343a22687474703a2f2f6c6f63616c686f73742f616c756d6e692f7075626c69632f696e6465782e7068702f61646d696e2f636f6e74656e74223b757365725f69647c733a313a2231223b617574685f637573746f6d7c733a353a2261646d696e223b757365725f746f6b656e7c733a34303a2230383734373565383733636339316636343065323931626666626634323264336662623836343366223b6964656e746974797c733a31393a2261646d696e406d79626f6e666972652e636f6d223b726f6c655f69647c733a313a2231223b6c6f676765645f696e7c623a313b6c616e67756167657c733a373a22656e676c697368223b70726576696f75735f706167657c733a35343a22687474703a2f2f6c6f63616c686f73742f616c756d6e692f7075626c69632f696e6465782e7068702f61646d696e2f636f6e74656e74223b),
('c0a21d1b172f5e4934a7497d5b728e2a04effd13', '::1', 1478597924, 0x5f5f63695f6c6173745f726567656e65726174657c693a313437383539373737343b7265717565737465645f706167657c733a35313a22687474703a2f2f6c6f63616c686f73742f616c756d6e692f7075626c69632f696e6465782e7068702f61646d696e2f6e657773223b757365725f69647c733a313a2231223b617574685f637573746f6d7c733a353a2261646d696e223b757365725f746f6b656e7c733a34303a2230383734373565383733636339316636343065323931626666626634323264336662623836343366223b6964656e746974797c733a31393a2261646d696e406d79626f6e666972652e636f6d223b726f6c655f69647c733a313a2231223b6c6f676765645f696e7c623a313b6c616e67756167657c733a373a22656e676c697368223b70726576696f75735f706167657c733a35313a22687474703a2f2f6c6f63616c686f73742f616c756d6e692f7075626c69632f696e6465782e7068702f61646d696e2f6e657773223b),
('9d33b496db65a9e1de878e0f94875aed809a1e2b', '::1', 1478598267, 0x5f5f63695f6c6173745f726567656e65726174657c693a313437383539383136383b7265717565737465645f706167657c733a35313a22687474703a2f2f6c6f63616c686f73742f616c756d6e692f7075626c69632f696e6465782e7068702f61646d696e2f6e657773223b757365725f69647c733a313a2231223b617574685f637573746f6d7c733a353a2261646d696e223b757365725f746f6b656e7c733a34303a2230383734373565383733636339316636343065323931626666626634323264336662623836343366223b6964656e746974797c733a31393a2261646d696e406d79626f6e666972652e636f6d223b726f6c655f69647c733a313a2231223b6c6f676765645f696e7c623a313b6c616e67756167657c733a373a22656e676c697368223b70726576696f75735f706167657c733a35313a22687474703a2f2f6c6f63616c686f73742f616c756d6e692f7075626c69632f696e6465782e7068702f61646d696e2f6e657773223b),
('8552b725ea776999fe362697721b124b90c58511', '::1', 1478598230, 0x5f5f63695f6c6173745f726567656e65726174657c693a313437383539383139313b7265717565737465645f706167657c733a35313a22687474703a2f2f6c6f63616c686f73742f616c756d6e692f7075626c69632f696e6465782e7068702f61646d696e2f6e657773223b757365725f69647c733a313a2231223b617574685f637573746f6d7c733a353a2261646d696e223b757365725f746f6b656e7c733a34303a2230383734373565383733636339316636343065323931626666626634323264336662623836343366223b6964656e746974797c733a31393a2261646d696e406d79626f6e666972652e636f6d223b726f6c655f69647c733a313a2231223b6c6f676765645f696e7c623a313b6c616e67756167657c733a373a22656e676c697368223b70726576696f75735f706167657c733a35313a22687474703a2f2f6c6f63616c686f73742f616c756d6e692f7075626c69632f696e6465782e7068702f61646d696e2f6e657773223b),
('efbf0ee3fe38538570835a52fbaa50db7d952ba5', '::1', 1478598892, 0x5f5f63695f6c6173745f726567656e65726174657c693a313437383539383633303b7265717565737465645f706167657c733a35313a22687474703a2f2f6c6f63616c686f73742f616c756d6e692f7075626c69632f696e6465782e7068702f61646d696e2f6e657773223b757365725f69647c733a313a2231223b617574685f637573746f6d7c733a353a2261646d696e223b757365725f746f6b656e7c733a34303a2230383734373565383733636339316636343065323931626666626634323264336662623836343366223b6964656e746974797c733a31393a2261646d696e406d79626f6e666972652e636f6d223b726f6c655f69647c733a313a2231223b6c6f676765645f696e7c623a313b6c616e67756167657c733a373a22656e676c697368223b70726576696f75735f706167657c733a35313a22687474703a2f2f6c6f63616c686f73742f616c756d6e692f7075626c69632f696e6465782e7068702f61646d696e2f6e657773223b),
('da1b4201caac841efc92427c67c56446f011323c', '::1', 1478599222, 0x5f5f63695f6c6173745f726567656e65726174657c693a313437383539383936393b7265717565737465645f706167657c733a35313a22687474703a2f2f6c6f63616c686f73742f616c756d6e692f7075626c69632f696e6465782e7068702f61646d696e2f6e657773223b757365725f69647c733a313a2231223b617574685f637573746f6d7c733a353a2261646d696e223b757365725f746f6b656e7c733a34303a2230383734373565383733636339316636343065323931626666626634323264336662623836343366223b6964656e746974797c733a31393a2261646d696e406d79626f6e666972652e636f6d223b726f6c655f69647c733a313a2231223b6c6f676765645f696e7c623a313b6c616e67756167657c733a373a22656e676c697368223b70726576696f75735f706167657c733a35313a22687474703a2f2f6c6f63616c686f73742f616c756d6e692f7075626c69632f696e6465782e7068702f61646d696e2f6e657773223b),
('518a4622b158caa676588c8491819b8c81066135', '::1', 1478601035, 0x5f5f63695f6c6173745f726567656e65726174657c693a313437383630303735333b7265717565737465645f706167657c733a35313a22687474703a2f2f6c6f63616c686f73742f616c756d6e692f7075626c69632f696e6465782e7068702f61646d696e2f6e657773223b757365725f69647c733a313a2231223b617574685f637573746f6d7c733a353a2261646d696e223b757365725f746f6b656e7c733a34303a2230383734373565383733636339316636343065323931626666626634323264336662623836343366223b6964656e746974797c733a31393a2261646d696e406d79626f6e666972652e636f6d223b726f6c655f69647c733a313a2231223b6c6f676765645f696e7c623a313b6c616e67756167657c733a373a22656e676c697368223b70726576696f75735f706167657c733a35313a22687474703a2f2f6c6f63616c686f73742f616c756d6e692f7075626c69632f696e6465782e7068702f61646d696e2f6e657773223b),
('ed0d796f240a17c9ab5fd2ca638cc34eb96fbb6f', '::1', 1478601309, 0x5f5f63695f6c6173745f726567656e65726174657c693a313437383630313036323b7265717565737465645f706167657c733a35313a22687474703a2f2f6c6f63616c686f73742f616c756d6e692f7075626c69632f696e6465782e7068702f61646d696e2f6e657773223b757365725f69647c733a313a2231223b617574685f637573746f6d7c733a353a2261646d696e223b757365725f746f6b656e7c733a34303a2230383734373565383733636339316636343065323931626666626634323264336662623836343366223b6964656e746974797c733a31393a2261646d696e406d79626f6e666972652e636f6d223b726f6c655f69647c733a313a2231223b6c6f676765645f696e7c623a313b6c616e67756167657c733a373a22656e676c697368223b70726576696f75735f706167657c733a35313a22687474703a2f2f6c6f63616c686f73742f616c756d6e692f7075626c69632f696e6465782e7068702f61646d696e2f6e657773223b),
('845f962e44a5fbed40e408fa4e06eea38d90113a', '::1', 1478601511, 0x5f5f63695f6c6173745f726567656e65726174657c693a313437383630313339353b7265717565737465645f706167657c733a35313a22687474703a2f2f6c6f63616c686f73742f616c756d6e692f7075626c69632f696e6465782e7068702f61646d696e2f6e657773223b757365725f69647c733a313a2231223b617574685f637573746f6d7c733a353a2261646d696e223b757365725f746f6b656e7c733a34303a2230383734373565383733636339316636343065323931626666626634323264336662623836343366223b6964656e746974797c733a31393a2261646d696e406d79626f6e666972652e636f6d223b726f6c655f69647c733a313a2231223b6c6f676765645f696e7c623a313b6c616e67756167657c733a373a22656e676c697368223b70726576696f75735f706167657c733a35313a22687474703a2f2f6c6f63616c686f73742f616c756d6e692f7075626c69632f696e6465782e7068702f61646d696e2f6e657773223b),
('b924a5f30924e3ab0714a2b5f16c73fb4cc79e3e', '::1', 1478601696, 0x5f5f63695f6c6173745f726567656e65726174657c693a313437383630313639353b7265717565737465645f706167657c733a35313a22687474703a2f2f6c6f63616c686f73742f616c756d6e692f7075626c69632f696e6465782e7068702f61646d696e2f6e657773223b757365725f69647c733a313a2231223b617574685f637573746f6d7c733a353a2261646d696e223b757365725f746f6b656e7c733a34303a2230383734373565383733636339316636343065323931626666626634323264336662623836343366223b6964656e746974797c733a31393a2261646d696e406d79626f6e666972652e636f6d223b726f6c655f69647c733a313a2231223b6c6f676765645f696e7c623a313b6c616e67756167657c733a373a22656e676c697368223b70726576696f75735f706167657c733a35313a22687474703a2f2f6c6f63616c686f73742f616c756d6e692f7075626c69632f696e6465782e7068702f61646d696e2f6e657773223b),
('053d6765c08b869603dd1b44a185b700d8b0c8c7', '::1', 1478614755, 0x5f5f63695f6c6173745f726567656e65726174657c693a313437383631343639323b7265717565737465645f706167657c733a35313a22687474703a2f2f6c6f63616c686f73742f616c756d6e692f7075626c69632f696e6465782e7068702f61646d696e2f6e657773223b757365725f69647c733a313a2231223b617574685f637573746f6d7c733a353a2261646d696e223b757365725f746f6b656e7c733a34303a2230383734373565383733636339316636343065323931626666626634323264336662623836343366223b6964656e746974797c733a31393a2261646d696e406d79626f6e666972652e636f6d223b726f6c655f69647c733a313a2231223b6c6f676765645f696e7c623a313b6c616e67756167657c733a373a22656e676c697368223b70726576696f75735f706167657c733a35313a22687474703a2f2f6c6f63616c686f73742f616c756d6e692f7075626c69632f696e6465782e7068702f61646d696e2f6e657773223b),
('fb6848f32b43e1f2119154b757e023e4f1c0fcba', '::1', 1478615408, 0x5f5f63695f6c6173745f726567656e65726174657c693a313437383631353239333b7265717565737465645f706167657c733a35313a22687474703a2f2f6c6f63616c686f73742f616c756d6e692f7075626c69632f696e6465782e7068702f61646d696e2f6e657773223b757365725f69647c733a313a2231223b617574685f637573746f6d7c733a353a2261646d696e223b757365725f746f6b656e7c733a34303a2230383734373565383733636339316636343065323931626666626634323264336662623836343366223b6964656e746974797c733a31393a2261646d696e406d79626f6e666972652e636f6d223b726f6c655f69647c733a313a2231223b6c6f676765645f696e7c623a313b6c616e67756167657c733a373a22656e676c697368223b70726576696f75735f706167657c733a35313a22687474703a2f2f6c6f63616c686f73742f616c756d6e692f7075626c69632f696e6465782e7068702f61646d696e2f6e657773223b),
('1f45c96879adb7fe49a9d6c939ba2c5a8362c342', '::1', 1478638947, 0x5f5f63695f6c6173745f726567656e65726174657c693a313437383633383733363b7265717565737465645f706167657c733a35313a22687474703a2f2f6c6f63616c686f73742f616c756d6e692f7075626c69632f696e6465782e7068702f61646d696e2f6e657773223b757365725f69647c733a313a2231223b617574685f637573746f6d7c733a353a2261646d696e223b757365725f746f6b656e7c733a34303a2230383734373565383733636339316636343065323931626666626634323264336662623836343366223b6964656e746974797c733a31393a2261646d696e406d79626f6e666972652e636f6d223b726f6c655f69647c733a313a2231223b6c6f676765645f696e7c623a313b6c616e67756167657c733a373a22656e676c697368223b70726576696f75735f706167657c733a35313a22687474703a2f2f6c6f63616c686f73742f616c756d6e692f7075626c69632f696e6465782e7068702f61646d696e2f6e657773223b),
('1c3b067e15020c7e23ee8d76d65e81c652baf040', '::1', 1478677918, 0x5f5f63695f6c6173745f726567656e65726174657c693a313437383637373931323b7265717565737465645f706167657c733a35313a22687474703a2f2f6c6f63616c686f73742f616c756d6e692f7075626c69632f696e6465782e7068702f61646d696e2f6e657773223b757365725f69647c733a313a2231223b617574685f637573746f6d7c733a353a2261646d696e223b757365725f746f6b656e7c733a34303a2230383734373565383733636339316636343065323931626666626634323264336662623836343366223b6964656e746974797c733a31393a2261646d696e406d79626f6e666972652e636f6d223b726f6c655f69647c733a313a2231223b6c6f676765645f696e7c623a313b6c616e67756167657c733a373a22656e676c697368223b70726576696f75735f706167657c733a35313a22687474703a2f2f6c6f63616c686f73742f616c756d6e692f7075626c69632f696e6465782e7068702f61646d696e2f6e657773223b),
('73d6fd9c3886eb858dedacb358c5ad67c82047e6', '::1', 1478762702, 0x5f5f63695f6c6173745f726567656e65726174657c693a313437383736323730303b7265717565737465645f706167657c733a35313a22687474703a2f2f6c6f63616c686f73742f616c756d6e692f7075626c69632f696e6465782e7068702f61646d696e2f6e657773223b757365725f69647c733a313a2231223b617574685f637573746f6d7c733a353a2261646d696e223b757365725f746f6b656e7c733a34303a2230383734373565383733636339316636343065323931626666626634323264336662623836343366223b6964656e746974797c733a31393a2261646d696e406d79626f6e666972652e636f6d223b726f6c655f69647c733a313a2231223b6c6f676765645f696e7c623a313b6c616e67756167657c733a373a22656e676c697368223b70726576696f75735f706167657c733a35313a22687474703a2f2f6c6f63616c686f73742f616c756d6e692f7075626c69632f696e6465782e7068702f61646d696e2f6e657773223b),
('e8f2e2218ef73279a34be1f4664a505e78fbcb32', '::1', 1478888942, 0x5f5f63695f6c6173745f726567656e65726174657c693a313437383838383933353b7265717565737465645f706167657c733a35313a22687474703a2f2f6c6f63616c686f73742f616c756d6e692f7075626c69632f696e6465782e7068702f61646d696e2f6e657773223b757365725f69647c733a313a2231223b617574685f637573746f6d7c733a353a2261646d696e223b757365725f746f6b656e7c733a34303a2230383734373565383733636339316636343065323931626666626634323264336662623836343366223b6964656e746974797c733a31393a2261646d696e406d79626f6e666972652e636f6d223b726f6c655f69647c733a313a2231223b6c6f676765645f696e7c623a313b6c616e67756167657c733a373a22656e676c697368223b70726576696f75735f706167657c733a35313a22687474703a2f2f6c6f63616c686f73742f616c756d6e692f7075626c69632f696e6465782e7068702f61646d696e2f6e657773223b),
('f40c957b49d23360f11784257a551d0ffa14ddea', '::1', 1478982736, 0x5f5f63695f6c6173745f726567656e65726174657c693a313437383938323437313b7265717565737465645f706167657c733a35313a22687474703a2f2f6c6f63616c686f73742f616c756d6e692f7075626c69632f696e6465782e7068702f61646d696e2f6e657773223b757365725f69647c733a313a2231223b617574685f637573746f6d7c733a353a2261646d696e223b757365725f746f6b656e7c733a34303a2230383734373565383733636339316636343065323931626666626634323264336662623836343366223b6964656e746974797c733a31393a2261646d696e406d79626f6e666972652e636f6d223b726f6c655f69647c733a313a2231223b6c6f676765645f696e7c623a313b6c616e67756167657c733a373a22656e676c697368223b70726576696f75735f706167657c733a35313a22687474703a2f2f6c6f63616c686f73742f616c756d6e692f7075626c69632f696e6465782e7068702f61646d696e2f6e657773223b),
('4c3064e5a179d357e6d8df29668b5d296fbe4444', '::1', 1478983116, 0x5f5f63695f6c6173745f726567656e65726174657c693a313437383938323834353b7265717565737465645f706167657c733a35313a22687474703a2f2f6c6f63616c686f73742f616c756d6e692f7075626c69632f696e6465782e7068702f61646d696e2f6e657773223b757365725f69647c733a313a2231223b617574685f637573746f6d7c733a353a2261646d696e223b757365725f746f6b656e7c733a34303a2230383734373565383733636339316636343065323931626666626634323264336662623836343366223b6964656e746974797c733a31393a2261646d696e406d79626f6e666972652e636f6d223b726f6c655f69647c733a313a2231223b6c6f676765645f696e7c623a313b6c616e67756167657c733a373a22656e676c697368223b70726576696f75735f706167657c733a35313a22687474703a2f2f6c6f63616c686f73742f616c756d6e692f7075626c69632f696e6465782e7068702f61646d696e2f6e657773223b),
('1623027028ab2a69143f038a1d07943b16e40639', '::1', 1478983462, 0x5f5f63695f6c6173745f726567656e65726174657c693a313437383938333139363b7265717565737465645f706167657c733a35313a22687474703a2f2f6c6f63616c686f73742f616c756d6e692f7075626c69632f696e6465782e7068702f61646d696e2f6e657773223b757365725f69647c733a313a2231223b617574685f637573746f6d7c733a353a2261646d696e223b757365725f746f6b656e7c733a34303a2230383734373565383733636339316636343065323931626666626634323264336662623836343366223b6964656e746974797c733a31393a2261646d696e406d79626f6e666972652e636f6d223b726f6c655f69647c733a313a2231223b6c6f676765645f696e7c623a313b6c616e67756167657c733a373a22656e676c697368223b70726576696f75735f706167657c733a35313a22687474703a2f2f6c6f63616c686f73742f616c756d6e692f7075626c69632f696e6465782e7068702f61646d696e2f6e657773223b),
('567db2a8e8fa4e75e59618d5c67014867f67b7fa', '::1', 1478983828, 0x5f5f63695f6c6173745f726567656e65726174657c693a313437383938333535363b7265717565737465645f706167657c733a35313a22687474703a2f2f6c6f63616c686f73742f616c756d6e692f7075626c69632f696e6465782e7068702f61646d696e2f6e657773223b757365725f69647c733a313a2231223b617574685f637573746f6d7c733a353a2261646d696e223b757365725f746f6b656e7c733a34303a2230383734373565383733636339316636343065323931626666626634323264336662623836343366223b6964656e746974797c733a31393a2261646d696e406d79626f6e666972652e636f6d223b726f6c655f69647c733a313a2231223b6c6f676765645f696e7c623a313b6c616e67756167657c733a373a22656e676c697368223b70726576696f75735f706167657c733a35313a22687474703a2f2f6c6f63616c686f73742f616c756d6e692f7075626c69632f696e6465782e7068702f61646d696e2f6e657773223b),
('f0bbbfec8b11a8513df855f967c6b7f8df4d0439', '::1', 1478984137, 0x5f5f63695f6c6173745f726567656e65726174657c693a313437383938333838343b7265717565737465645f706167657c733a35313a22687474703a2f2f6c6f63616c686f73742f616c756d6e692f7075626c69632f696e6465782e7068702f61646d696e2f6e657773223b757365725f69647c733a313a2231223b617574685f637573746f6d7c733a353a2261646d696e223b757365725f746f6b656e7c733a34303a2230383734373565383733636339316636343065323931626666626634323264336662623836343366223b6964656e746974797c733a31393a2261646d696e406d79626f6e666972652e636f6d223b726f6c655f69647c733a313a2231223b6c6f676765645f696e7c623a313b6c616e67756167657c733a373a22656e676c697368223b70726576696f75735f706167657c733a35313a22687474703a2f2f6c6f63616c686f73742f616c756d6e692f7075626c69632f696e6465782e7068702f61646d696e2f6e657773223b),
('80958436e80996250be52cd605446d6aaff1ba79', '::1', 1478984485, 0x5f5f63695f6c6173745f726567656e65726174657c693a313437383938343139363b7265717565737465645f706167657c733a35313a22687474703a2f2f6c6f63616c686f73742f616c756d6e692f7075626c69632f696e6465782e7068702f61646d696e2f6e657773223b757365725f69647c733a313a2231223b617574685f637573746f6d7c733a353a2261646d696e223b757365725f746f6b656e7c733a34303a2230383734373565383733636339316636343065323931626666626634323264336662623836343366223b6964656e746974797c733a31393a2261646d696e406d79626f6e666972652e636f6d223b726f6c655f69647c733a313a2231223b6c6f676765645f696e7c623a313b6c616e67756167657c733a373a22656e676c697368223b70726576696f75735f706167657c733a35313a22687474703a2f2f6c6f63616c686f73742f616c756d6e692f7075626c69632f696e6465782e7068702f61646d696e2f6e657773223b),
('41b819d1543cf9df43c8ad397413c7ab215d4fc1', '::1', 1478984740, 0x5f5f63695f6c6173745f726567656e65726174657c693a313437383938343530313b7265717565737465645f706167657c733a35313a22687474703a2f2f6c6f63616c686f73742f616c756d6e692f7075626c69632f696e6465782e7068702f61646d696e2f6e657773223b757365725f69647c733a313a2231223b617574685f637573746f6d7c733a353a2261646d696e223b757365725f746f6b656e7c733a34303a2230383734373565383733636339316636343065323931626666626634323264336662623836343366223b6964656e746974797c733a31393a2261646d696e406d79626f6e666972652e636f6d223b726f6c655f69647c733a313a2231223b6c6f676765645f696e7c623a313b6c616e67756167657c733a373a22656e676c697368223b70726576696f75735f706167657c733a35313a22687474703a2f2f6c6f63616c686f73742f616c756d6e692f7075626c69632f696e6465782e7068702f61646d696e2f6e657773223b),
('503eb7c0fc844e45569bd48c27a077873976c8cc', '::1', 1478984945, 0x5f5f63695f6c6173745f726567656e65726174657c693a313437383938343831373b7265717565737465645f706167657c733a35313a22687474703a2f2f6c6f63616c686f73742f616c756d6e692f7075626c69632f696e6465782e7068702f61646d696e2f6e657773223b757365725f69647c733a313a2231223b617574685f637573746f6d7c733a353a2261646d696e223b757365725f746f6b656e7c733a34303a2230383734373565383733636339316636343065323931626666626634323264336662623836343366223b6964656e746974797c733a31393a2261646d696e406d79626f6e666972652e636f6d223b726f6c655f69647c733a313a2231223b6c6f676765645f696e7c623a313b6c616e67756167657c733a373a22656e676c697368223b70726576696f75735f706167657c733a35313a22687474703a2f2f6c6f63616c686f73742f616c756d6e692f7075626c69632f696e6465782e7068702f61646d696e2f6e657773223b),
('76a3cbbc9c4a473810b3308842641777c308a823', '::1', 1478985262, 0x5f5f63695f6c6173745f726567656e65726174657c693a313437383938353136323b7265717565737465645f706167657c733a36303a22687474703a2f2f6c6f63616c686f73742f616c756d6e692f7075626c69632f696e6465782e7068702f61646d696e2f6e6577732f706167696e617465223b757365725f69647c733a313a2231223b617574685f637573746f6d7c733a353a2261646d696e223b757365725f746f6b656e7c733a34303a2230383734373565383733636339316636343065323931626666626634323264336662623836343366223b6964656e746974797c733a31393a2261646d696e406d79626f6e666972652e636f6d223b726f6c655f69647c733a313a2231223b6c6f676765645f696e7c623a313b6c616e67756167657c733a373a22656e676c697368223b70726576696f75735f706167657c733a36303a22687474703a2f2f6c6f63616c686f73742f616c756d6e692f7075626c69632f696e6465782e7068702f61646d696e2f6e6577732f706167696e617465223b),
('97dd471b3ec9db8aa339986c9f22fabcd8167801', '::1', 1478985651, 0x5f5f63695f6c6173745f726567656e65726174657c693a313437383938353633333b7265717565737465645f706167657c733a36303a22687474703a2f2f6c6f63616c686f73742f616c756d6e692f7075626c69632f696e6465782e7068702f61646d696e2f6e6577732f706167696e617465223b757365725f69647c733a313a2231223b617574685f637573746f6d7c733a353a2261646d696e223b757365725f746f6b656e7c733a34303a2230383734373565383733636339316636343065323931626666626634323264336662623836343366223b6964656e746974797c733a31393a2261646d696e406d79626f6e666972652e636f6d223b726f6c655f69647c733a313a2231223b6c6f676765645f696e7c623a313b6c616e67756167657c733a373a22656e676c697368223b70726576696f75735f706167657c733a36303a22687474703a2f2f6c6f63616c686f73742f616c756d6e692f7075626c69632f696e6465782e7068702f61646d696e2f6e6577732f706167696e617465223b),
('c60ee3203a93d2d909317d293720496c2591c57a', '::1', 1478986633, 0x5f5f63695f6c6173745f726567656e65726174657c693a313437383938363334313b7265717565737465645f706167657c733a36303a22687474703a2f2f6c6f63616c686f73742f616c756d6e692f7075626c69632f696e6465782e7068702f61646d696e2f6e6577732f706167696e617465223b757365725f69647c733a313a2231223b617574685f637573746f6d7c733a353a2261646d696e223b757365725f746f6b656e7c733a34303a2230383734373565383733636339316636343065323931626666626634323264336662623836343366223b6964656e746974797c733a31393a2261646d696e406d79626f6e666972652e636f6d223b726f6c655f69647c733a313a2231223b6c6f676765645f696e7c623a313b6c616e67756167657c733a373a22656e676c697368223b70726576696f75735f706167657c733a36303a22687474703a2f2f6c6f63616c686f73742f616c756d6e692f7075626c69632f696e6465782e7068702f61646d696e2f6e6577732f706167696e617465223b),
('2268c8999858e3879d0dec1950c10ea64797aaa8', '::1', 1478986885, 0x5f5f63695f6c6173745f726567656e65726174657c693a313437383938363634323b7265717565737465645f706167657c733a36303a22687474703a2f2f6c6f63616c686f73742f616c756d6e692f7075626c69632f696e6465782e7068702f61646d696e2f6e6577732f706167696e617465223b757365725f69647c733a313a2231223b617574685f637573746f6d7c733a353a2261646d696e223b757365725f746f6b656e7c733a34303a2230383734373565383733636339316636343065323931626666626634323264336662623836343366223b6964656e746974797c733a31393a2261646d696e406d79626f6e666972652e636f6d223b726f6c655f69647c733a313a2231223b6c6f676765645f696e7c623a313b6c616e67756167657c733a373a22656e676c697368223b70726576696f75735f706167657c733a36303a22687474703a2f2f6c6f63616c686f73742f616c756d6e692f7075626c69632f696e6465782e7068702f61646d696e2f6e6577732f706167696e617465223b),
('f12ed16eb5fcca3a5e167a79af80e61959b137ac', '::1', 1478987499, 0x5f5f63695f6c6173745f726567656e65726174657c693a313437383938373230373b7265717565737465645f706167657c733a36303a22687474703a2f2f6c6f63616c686f73742f616c756d6e692f7075626c69632f696e6465782e7068702f61646d696e2f6e6577732f706167696e617465223b757365725f69647c733a313a2231223b617574685f637573746f6d7c733a353a2261646d696e223b757365725f746f6b656e7c733a34303a2230383734373565383733636339316636343065323931626666626634323264336662623836343366223b6964656e746974797c733a31393a2261646d696e406d79626f6e666972652e636f6d223b726f6c655f69647c733a313a2231223b6c6f676765645f696e7c623a313b6c616e67756167657c733a373a22656e676c697368223b70726576696f75735f706167657c733a36303a22687474703a2f2f6c6f63616c686f73742f616c756d6e692f7075626c69632f696e6465782e7068702f61646d696e2f6e6577732f706167696e617465223b),
('4c1fd70c0578bad9699878239ab2aa1882d170df', '::1', 1478987808, 0x5f5f63695f6c6173745f726567656e65726174657c693a313437383938373532393b7265717565737465645f706167657c733a36303a22687474703a2f2f6c6f63616c686f73742f616c756d6e692f7075626c69632f696e6465782e7068702f61646d696e2f6e6577732f706167696e617465223b757365725f69647c733a313a2231223b617574685f637573746f6d7c733a353a2261646d696e223b757365725f746f6b656e7c733a34303a2230383734373565383733636339316636343065323931626666626634323264336662623836343366223b6964656e746974797c733a31393a2261646d696e406d79626f6e666972652e636f6d223b726f6c655f69647c733a313a2231223b6c6f676765645f696e7c623a313b6c616e67756167657c733a373a22656e676c697368223b70726576696f75735f706167657c733a36303a22687474703a2f2f6c6f63616c686f73742f616c756d6e692f7075626c69632f696e6465782e7068702f61646d696e2f6e6577732f706167696e617465223b),
('9080e9796132409a7d32b7b0831692f3b5c4e43c', '::1', 1478988202, 0x5f5f63695f6c6173745f726567656e65726174657c693a313437383938373836393b7265717565737465645f706167657c733a36303a22687474703a2f2f6c6f63616c686f73742f616c756d6e692f7075626c69632f696e6465782e7068702f61646d696e2f6e6577732f706167696e617465223b757365725f69647c733a313a2231223b617574685f637573746f6d7c733a353a2261646d696e223b757365725f746f6b656e7c733a34303a2230383734373565383733636339316636343065323931626666626634323264336662623836343366223b6964656e746974797c733a31393a2261646d696e406d79626f6e666972652e636f6d223b726f6c655f69647c733a313a2231223b6c6f676765645f696e7c623a313b6c616e67756167657c733a373a22656e676c697368223b70726576696f75735f706167657c733a36303a22687474703a2f2f6c6f63616c686f73742f616c756d6e692f7075626c69632f696e6465782e7068702f61646d696e2f6e6577732f706167696e617465223b),
('25af6e3cbacf430a0fb371929295a061c2b9386d', '::1', 1478988510, 0x5f5f63695f6c6173745f726567656e65726174657c693a313437383938383331363b7265717565737465645f706167657c733a36303a22687474703a2f2f6c6f63616c686f73742f616c756d6e692f7075626c69632f696e6465782e7068702f61646d696e2f6e6577732f706167696e617465223b757365725f69647c733a313a2231223b617574685f637573746f6d7c733a353a2261646d696e223b757365725f746f6b656e7c733a34303a2230383734373565383733636339316636343065323931626666626634323264336662623836343366223b6964656e746974797c733a31393a2261646d696e406d79626f6e666972652e636f6d223b726f6c655f69647c733a313a2231223b6c6f676765645f696e7c623a313b6c616e67756167657c733a373a22656e676c697368223b70726576696f75735f706167657c733a36303a22687474703a2f2f6c6f63616c686f73742f616c756d6e692f7075626c69632f696e6465782e7068702f61646d696e2f6e6577732f706167696e617465223b),
('741dc289ade04e1203b23c966401749d464a7699', '::1', 1478989193, 0x5f5f63695f6c6173745f726567656e65726174657c693a313437383938383838333b7265717565737465645f706167657c733a36303a22687474703a2f2f6c6f63616c686f73742f616c756d6e692f7075626c69632f696e6465782e7068702f61646d696e2f6e6577732f706167696e617465223b757365725f69647c733a313a2231223b617574685f637573746f6d7c733a353a2261646d696e223b757365725f746f6b656e7c733a34303a2230383734373565383733636339316636343065323931626666626634323264336662623836343366223b6964656e746974797c733a31393a2261646d696e406d79626f6e666972652e636f6d223b726f6c655f69647c733a313a2231223b6c6f676765645f696e7c623a313b6c616e67756167657c733a373a22656e676c697368223b70726576696f75735f706167657c733a36303a22687474703a2f2f6c6f63616c686f73742f616c756d6e692f7075626c69632f696e6465782e7068702f61646d696e2f6e6577732f706167696e617465223b),
('ad89102018335eb908a1d140424f527362454e97', '::1', 1478989291, 0x5f5f63695f6c6173745f726567656e65726174657c693a313437383938393231333b7265717565737465645f706167657c733a36303a22687474703a2f2f6c6f63616c686f73742f616c756d6e692f7075626c69632f696e6465782e7068702f61646d696e2f6e6577732f706167696e617465223b757365725f69647c733a313a2231223b617574685f637573746f6d7c733a353a2261646d696e223b757365725f746f6b656e7c733a34303a2230383734373565383733636339316636343065323931626666626634323264336662623836343366223b6964656e746974797c733a31393a2261646d696e406d79626f6e666972652e636f6d223b726f6c655f69647c733a313a2231223b6c6f676765645f696e7c623a313b6c616e67756167657c733a373a22656e676c697368223b70726576696f75735f706167657c733a36303a22687474703a2f2f6c6f63616c686f73742f616c756d6e692f7075626c69632f696e6465782e7068702f61646d696e2f6e6577732f706167696e617465223b),
('b7ba81dd5fbe411cddf66af82642940252d4b487', '::1', 1478989894, 0x5f5f63695f6c6173745f726567656e65726174657c693a313437383938393636383b7265717565737465645f706167657c733a36303a22687474703a2f2f6c6f63616c686f73742f616c756d6e692f7075626c69632f696e6465782e7068702f61646d696e2f6e6577732f706167696e617465223b757365725f69647c733a313a2231223b617574685f637573746f6d7c733a353a2261646d696e223b757365725f746f6b656e7c733a34303a2230383734373565383733636339316636343065323931626666626634323264336662623836343366223b6964656e746974797c733a31393a2261646d696e406d79626f6e666972652e636f6d223b726f6c655f69647c733a313a2231223b6c6f676765645f696e7c623a313b6c616e67756167657c733a373a22656e676c697368223b70726576696f75735f706167657c733a36303a22687474703a2f2f6c6f63616c686f73742f616c756d6e692f7075626c69632f696e6465782e7068702f61646d696e2f6e6577732f706167696e617465223b),
('d708eeb1170407b1c531264165162260d82bf43c', '::1', 1478990371, 0x5f5f63695f6c6173745f726567656e65726174657c693a313437383939303330303b7265717565737465645f706167657c733a36303a22687474703a2f2f6c6f63616c686f73742f616c756d6e692f7075626c69632f696e6465782e7068702f61646d696e2f6e6577732f706167696e617465223b757365725f69647c733a313a2231223b617574685f637573746f6d7c733a353a2261646d696e223b757365725f746f6b656e7c733a34303a2230383734373565383733636339316636343065323931626666626634323264336662623836343366223b6964656e746974797c733a31393a2261646d696e406d79626f6e666972652e636f6d223b726f6c655f69647c733a313a2231223b6c6f676765645f696e7c623a313b6c616e67756167657c733a373a22656e676c697368223b70726576696f75735f706167657c733a36303a22687474703a2f2f6c6f63616c686f73742f616c756d6e692f7075626c69632f696e6465782e7068702f61646d696e2f6e6577732f706167696e617465223b);
INSERT INTO `bf_ci3_sessions` (`id`, `ip_address`, `timestamp`, `data`) VALUES
('78773e7168e21de945d5cc5b95a80f3abaef5642', '::1', 1479034995, 0x5f5f63695f6c6173745f726567656e65726174657c693a313437393033343736343b7265717565737465645f706167657c733a36303a22687474703a2f2f6c6f63616c686f73742f616c756d6e692f7075626c69632f696e6465782e7068702f61646d696e2f6e6577732f706167696e617465223b757365725f69647c733a313a2231223b617574685f637573746f6d7c733a353a2261646d696e223b757365725f746f6b656e7c733a34303a2230383734373565383733636339316636343065323931626666626634323264336662623836343366223b6964656e746974797c733a31393a2261646d696e406d79626f6e666972652e636f6d223b726f6c655f69647c733a313a2231223b6c6f676765645f696e7c623a313b6c616e67756167657c733a373a22656e676c697368223b70726576696f75735f706167657c733a36303a22687474703a2f2f6c6f63616c686f73742f616c756d6e692f7075626c69632f696e6465782e7068702f61646d696e2f6e6577732f706167696e617465223b),
('c91a184f70cb223b61e6f3f72cffc56f4af95209', '::1', 1479035154, 0x5f5f63695f6c6173745f726567656e65726174657c693a313437393033353037343b7265717565737465645f706167657c733a35313a22687474703a2f2f6c6f63616c686f73742f616c756d6e692f7075626c69632f696e6465782e7068702f61646d696e2f6e657773223b757365725f69647c733a313a2231223b617574685f637573746f6d7c733a353a2261646d696e223b757365725f746f6b656e7c733a34303a2230383734373565383733636339316636343065323931626666626634323264336662623836343366223b6964656e746974797c733a31393a2261646d696e406d79626f6e666972652e636f6d223b726f6c655f69647c733a313a2231223b6c6f676765645f696e7c623a313b6c616e67756167657c733a373a22656e676c697368223b70726576696f75735f706167657c733a35313a22687474703a2f2f6c6f63616c686f73742f616c756d6e692f7075626c69632f696e6465782e7068702f61646d696e2f6e657773223b),
('6d085f92b875cb4728572f97840240cf352cd1b8', '::1', 1479047134, 0x5f5f63695f6c6173745f726567656e65726174657c693a313437393034373133303b7265717565737465645f706167657c733a36303a22687474703a2f2f6c6f63616c686f73742f616c756d6e692f7075626c69632f696e6465782e7068702f61646d696e2f6e6577732f706167696e617465223b757365725f69647c733a313a2231223b617574685f637573746f6d7c733a353a2261646d696e223b757365725f746f6b656e7c733a34303a2230383734373565383733636339316636343065323931626666626634323264336662623836343366223b6964656e746974797c733a31393a2261646d696e406d79626f6e666972652e636f6d223b726f6c655f69647c733a313a2231223b6c6f676765645f696e7c623a313b6c616e67756167657c733a373a22656e676c697368223b70726576696f75735f706167657c733a36303a22687474703a2f2f6c6f63616c686f73742f616c756d6e692f7075626c69632f696e6465782e7068702f61646d696e2f6e6577732f706167696e617465223b),
('227ea269afeeabe57b88ce30f9e05159285fefaf', '::1', 1479047638, 0x5f5f63695f6c6173745f726567656e65726174657c693a313437393034373437323b7265717565737465645f706167657c733a36303a22687474703a2f2f6c6f63616c686f73742f616c756d6e692f7075626c69632f696e6465782e7068702f61646d696e2f6e6577732f706167696e617465223b757365725f69647c733a313a2231223b617574685f637573746f6d7c733a353a2261646d696e223b757365725f746f6b656e7c733a34303a2230383734373565383733636339316636343065323931626666626634323264336662623836343366223b6964656e746974797c733a31393a2261646d696e406d79626f6e666972652e636f6d223b726f6c655f69647c733a313a2231223b6c6f676765645f696e7c623a313b6c616e67756167657c733a373a22656e676c697368223b70726576696f75735f706167657c733a36303a22687474703a2f2f6c6f63616c686f73742f616c756d6e692f7075626c69632f696e6465782e7068702f61646d696e2f6e6577732f706167696e617465223b),
('43a55097797ff031cb421113a45780dacf64c941', '::1', 1479047731, 0x5f5f63695f6c6173745f726567656e65726174657c693a313437393034373733303b7265717565737465645f706167657c733a36303a22687474703a2f2f6c6f63616c686f73742f616c756d6e692f7075626c69632f696e6465782e7068702f61646d696e2f6e6577732f706167696e617465223b6d6573736167657c733a303a22223b5f5f63695f766172737c613a313a7b733a373a226d657373616765223b733a333a226e6577223b7d),
('aa070d7e140ff7b4083776ebfc712a5c4f454fb3', '::1', 1479048897, 0x5f5f63695f6c6173745f726567656e65726174657c693a313437393034383632393b7265717565737465645f706167657c733a35383a22687474703a2f2f6c6f63616c686f73742f616c756d6e692f7075626c69632f696e6465782e7068702f61646d696e2f6e6577732f637265617465223b757365725f69647c733a313a2231223b617574685f637573746f6d7c733a353a2261646d696e223b757365725f746f6b656e7c733a34303a2230383734373565383733636339316636343065323931626666626634323264336662623836343366223b6964656e746974797c733a31393a2261646d696e406d79626f6e666972652e636f6d223b726f6c655f69647c733a313a2231223b6c6f676765645f696e7c623a313b6c616e67756167657c733a373a22656e676c697368223b70726576696f75735f706167657c733a35383a22687474703a2f2f6c6f63616c686f73742f616c756d6e692f7075626c69632f696e6465782e7068702f61646d696e2f6e6577732f637265617465223b),
('2ff81bdf0d51fd70f12ca172af6b7160947175d6', '::1', 1479049432, 0x5f5f63695f6c6173745f726567656e65726174657c693a313437393034393136313b7265717565737465645f706167657c733a35383a22687474703a2f2f6c6f63616c686f73742f616c756d6e692f7075626c69632f696e6465782e7068702f61646d696e2f6e6577732f637265617465223b757365725f69647c733a313a2231223b617574685f637573746f6d7c733a353a2261646d696e223b757365725f746f6b656e7c733a34303a2230383734373565383733636339316636343065323931626666626634323264336662623836343366223b6964656e746974797c733a31393a2261646d696e406d79626f6e666972652e636f6d223b726f6c655f69647c733a313a2231223b6c6f676765645f696e7c623a313b6c616e67756167657c733a373a22656e676c697368223b70726576696f75735f706167657c733a35383a22687474703a2f2f6c6f63616c686f73742f616c756d6e692f7075626c69632f696e6465782e7068702f61646d696e2f6e6577732f637265617465223b),
('5a1978c02aa4bb4f7f9cfc72f8df6c1dba20a1b5', '::1', 1479050664, 0x5f5f63695f6c6173745f726567656e65726174657c693a313437393035303636303b7265717565737465645f706167657c733a36303a22687474703a2f2f6c6f63616c686f73742f616c756d6e692f7075626c69632f696e6465782e7068702f61646d696e2f6e6577732f706167696e617465223b757365725f69647c733a313a2231223b617574685f637573746f6d7c733a353a2261646d696e223b757365725f746f6b656e7c733a34303a2230383734373565383733636339316636343065323931626666626634323264336662623836343366223b6964656e746974797c733a31393a2261646d696e406d79626f6e666972652e636f6d223b726f6c655f69647c733a313a2231223b6c6f676765645f696e7c623a313b6c616e67756167657c733a373a22656e676c697368223b70726576696f75735f706167657c733a36303a22687474703a2f2f6c6f63616c686f73742f616c756d6e692f7075626c69632f696e6465782e7068702f61646d696e2f6e6577732f706167696e617465223b),
('7f12052ed3599086076a020dc9fabb2f4616c8d0', '::1', 1479068998, 0x5f5f63695f6c6173745f726567656e65726174657c693a313437393036383939373b7265717565737465645f706167657c733a35383a22687474703a2f2f6c6f63616c686f73742f616c756d6e692f7075626c69632f696e6465782e7068702f61646d696e2f6e6577732f637265617465223b757365725f69647c733a313a2231223b617574685f637573746f6d7c733a353a2261646d696e223b757365725f746f6b656e7c733a34303a2230383734373565383733636339316636343065323931626666626634323264336662623836343366223b6964656e746974797c733a31393a2261646d696e406d79626f6e666972652e636f6d223b726f6c655f69647c733a313a2231223b6c6f676765645f696e7c623a313b6c616e67756167657c733a373a22656e676c697368223b70726576696f75735f706167657c733a35383a22687474703a2f2f6c6f63616c686f73742f616c756d6e692f7075626c69632f696e6465782e7068702f61646d696e2f6e6577732f637265617465223b),
('d15b10886a8b27a00ed58fa1431448fc0405529c', '::1', 1479070103, 0x5f5f63695f6c6173745f726567656e65726174657c693a313437393036393938323b7265717565737465645f706167657c733a35383a22687474703a2f2f6c6f63616c686f73742f616c756d6e692f7075626c69632f696e6465782e7068702f61646d696e2f6e6577732f637265617465223b757365725f69647c733a313a2231223b617574685f637573746f6d7c733a353a2261646d696e223b757365725f746f6b656e7c733a34303a2230383734373565383733636339316636343065323931626666626634323264336662623836343366223b6964656e746974797c733a31393a2261646d696e406d79626f6e666972652e636f6d223b726f6c655f69647c733a313a2231223b6c6f676765645f696e7c623a313b6c616e67756167657c733a373a22656e676c697368223b70726576696f75735f706167657c733a35383a22687474703a2f2f6c6f63616c686f73742f616c756d6e692f7075626c69632f696e6465782e7068702f61646d696e2f6e6577732f637265617465223b),
('9e269082991caaa217da8d55942bc5551843f434', '::1', 1479070685, 0x5f5f63695f6c6173745f726567656e65726174657c693a313437393037303530383b7265717565737465645f706167657c733a35383a22687474703a2f2f6c6f63616c686f73742f616c756d6e692f7075626c69632f696e6465782e7068702f61646d696e2f6e6577732f637265617465223b757365725f69647c733a313a2231223b617574685f637573746f6d7c733a353a2261646d696e223b757365725f746f6b656e7c733a34303a2230383734373565383733636339316636343065323931626666626634323264336662623836343366223b6964656e746974797c733a31393a2261646d696e406d79626f6e666972652e636f6d223b726f6c655f69647c733a313a2231223b6c6f676765645f696e7c623a313b6c616e67756167657c733a373a22656e676c697368223b70726576696f75735f706167657c733a35383a22687474703a2f2f6c6f63616c686f73742f616c756d6e692f7075626c69632f696e6465782e7068702f61646d696e2f6e6577732f637265617465223b),
('df89af666272fc37a4e02153fe908ac75fadc110', '::1', 1479070866, 0x5f5f63695f6c6173745f726567656e65726174657c693a313437393037303836353b7265717565737465645f706167657c733a35383a22687474703a2f2f6c6f63616c686f73742f616c756d6e692f7075626c69632f696e6465782e7068702f61646d696e2f6e6577732f637265617465223b757365725f69647c733a313a2231223b617574685f637573746f6d7c733a353a2261646d696e223b757365725f746f6b656e7c733a34303a2230383734373565383733636339316636343065323931626666626634323264336662623836343366223b6964656e746974797c733a31393a2261646d696e406d79626f6e666972652e636f6d223b726f6c655f69647c733a313a2231223b6c6f676765645f696e7c623a313b6c616e67756167657c733a373a22656e676c697368223b70726576696f75735f706167657c733a35383a22687474703a2f2f6c6f63616c686f73742f616c756d6e692f7075626c69632f696e6465782e7068702f61646d696e2f6e6577732f637265617465223b),
('21cd84660c1223d2449b6ae9026d3f34dcc8eefa', '::1', 1479072573, 0x5f5f63695f6c6173745f726567656e65726174657c693a313437393037323337373b7265717565737465645f706167657c733a35383a22687474703a2f2f6c6f63616c686f73742f616c756d6e692f7075626c69632f696e6465782e7068702f61646d696e2f6e6577732f637265617465223b757365725f69647c733a313a2231223b617574685f637573746f6d7c733a353a2261646d696e223b757365725f746f6b656e7c733a34303a2230383734373565383733636339316636343065323931626666626634323264336662623836343366223b6964656e746974797c733a31393a2261646d696e406d79626f6e666972652e636f6d223b726f6c655f69647c733a313a2231223b6c6f676765645f696e7c623a313b6c616e67756167657c733a373a22656e676c697368223b70726576696f75735f706167657c733a35383a22687474703a2f2f6c6f63616c686f73742f616c756d6e692f7075626c69632f696e6465782e7068702f61646d696e2f6e6577732f637265617465223b),
('161a35e2ca95bad48a531d613692c60705e0c6f2', '::1', 1479072910, 0x5f5f63695f6c6173745f726567656e65726174657c693a313437393037323739333b7265717565737465645f706167657c733a35383a22687474703a2f2f6c6f63616c686f73742f616c756d6e692f7075626c69632f696e6465782e7068702f61646d696e2f6e6577732f637265617465223b757365725f69647c733a313a2231223b617574685f637573746f6d7c733a353a2261646d696e223b757365725f746f6b656e7c733a34303a2230383734373565383733636339316636343065323931626666626634323264336662623836343366223b6964656e746974797c733a31393a2261646d696e406d79626f6e666972652e636f6d223b726f6c655f69647c733a313a2231223b6c6f676765645f696e7c623a313b6c616e67756167657c733a373a22656e676c697368223b70726576696f75735f706167657c733a35383a22687474703a2f2f6c6f63616c686f73742f616c756d6e692f7075626c69632f696e6465782e7068702f61646d696e2f6e6577732f637265617465223b),
('d92c3e124a10c2703e1fccde4eebc131ada95982', '::1', 1479073187, 0x5f5f63695f6c6173745f726567656e65726174657c693a313437393037333135363b7265717565737465645f706167657c733a35383a22687474703a2f2f6c6f63616c686f73742f616c756d6e692f7075626c69632f696e6465782e7068702f61646d696e2f6e6577732f637265617465223b757365725f69647c733a313a2231223b617574685f637573746f6d7c733a353a2261646d696e223b757365725f746f6b656e7c733a34303a2230383734373565383733636339316636343065323931626666626634323264336662623836343366223b6964656e746974797c733a31393a2261646d696e406d79626f6e666972652e636f6d223b726f6c655f69647c733a313a2231223b6c6f676765645f696e7c623a313b6c616e67756167657c733a373a22656e676c697368223b70726576696f75735f706167657c733a35383a22687474703a2f2f6c6f63616c686f73742f616c756d6e692f7075626c69632f696e6465782e7068702f61646d696e2f6e6577732f637265617465223b),
('0a85fdb596cf8c84dcfba9803a4b531b4182f636', '::1', 1479073695, 0x5f5f63695f6c6173745f726567656e65726174657c693a313437393037333439363b7265717565737465645f706167657c733a35383a22687474703a2f2f6c6f63616c686f73742f616c756d6e692f7075626c69632f696e6465782e7068702f61646d696e2f6e6577732f637265617465223b757365725f69647c733a313a2231223b617574685f637573746f6d7c733a353a2261646d696e223b757365725f746f6b656e7c733a34303a2230383734373565383733636339316636343065323931626666626634323264336662623836343366223b6964656e746974797c733a31393a2261646d696e406d79626f6e666972652e636f6d223b726f6c655f69647c733a313a2231223b6c6f676765645f696e7c623a313b6c616e67756167657c733a373a22656e676c697368223b70726576696f75735f706167657c733a35383a22687474703a2f2f6c6f63616c686f73742f616c756d6e692f7075626c69632f696e6465782e7068702f61646d696e2f6e6577732f637265617465223b),
('6f92de7cde9e891b806560f17b6dad7f3785b246', '::1', 1479074327, 0x5f5f63695f6c6173745f726567656e65726174657c693a313437393037343035343b7265717565737465645f706167657c733a35383a22687474703a2f2f6c6f63616c686f73742f616c756d6e692f7075626c69632f696e6465782e7068702f61646d696e2f6e6577732f637265617465223b70726576696f75735f706167657c733a35383a22687474703a2f2f6c6f63616c686f73742f616c756d6e692f7075626c69632f696e6465782e7068702f61646d696e2f6e6577732f637265617465223b757365725f69647c733a313a2231223b617574685f637573746f6d7c733a353a2261646d696e223b757365725f746f6b656e7c733a34303a2230383734373565383733636339316636343065323931626666626634323264336662623836343366223b6964656e746974797c733a31393a2261646d696e406d79626f6e666972652e636f6d223b726f6c655f69647c733a313a2231223b6c6f676765645f696e7c623a313b6c616e67756167657c733a373a22656e676c697368223b),
('a198fa3d82174c08875659593c749834db96414a', '::1', 1479074561, 0x5f5f63695f6c6173745f726567656e65726174657c693a313437393037343336343b7265717565737465645f706167657c733a35383a22687474703a2f2f6c6f63616c686f73742f616c756d6e692f7075626c69632f696e6465782e7068702f61646d696e2f6e6577732f637265617465223b70726576696f75735f706167657c733a35383a22687474703a2f2f6c6f63616c686f73742f616c756d6e692f7075626c69632f696e6465782e7068702f61646d696e2f6e6577732f637265617465223b757365725f69647c733a313a2231223b617574685f637573746f6d7c733a353a2261646d696e223b757365725f746f6b656e7c733a34303a2230383734373565383733636339316636343065323931626666626634323264336662623836343366223b6964656e746974797c733a31393a2261646d696e406d79626f6e666972652e636f6d223b726f6c655f69647c733a313a2231223b6c6f676765645f696e7c623a313b6c616e67756167657c733a373a22656e676c697368223b),
('a7752e4ef8e46f1d11fc7703c3a38b5d6bd3cf5f', '::1', 1479074946, 0x5f5f63695f6c6173745f726567656e65726174657c693a313437393037343930393b7265717565737465645f706167657c733a35383a22687474703a2f2f6c6f63616c686f73742f616c756d6e692f7075626c69632f696e6465782e7068702f61646d696e2f6e6577732f637265617465223b70726576696f75735f706167657c733a35383a22687474703a2f2f6c6f63616c686f73742f616c756d6e692f7075626c69632f696e6465782e7068702f61646d696e2f6e6577732f637265617465223b757365725f69647c733a313a2231223b617574685f637573746f6d7c733a353a2261646d696e223b757365725f746f6b656e7c733a34303a2230383734373565383733636339316636343065323931626666626634323264336662623836343366223b6964656e746974797c733a31393a2261646d696e406d79626f6e666972652e636f6d223b726f6c655f69647c733a313a2231223b6c6f676765645f696e7c623a313b6c616e67756167657c733a373a22656e676c697368223b),
('8eea4f565afe9abb06fd053f87aa05c4630e7fda', '::1', 1479075574, 0x5f5f63695f6c6173745f726567656e65726174657c693a313437393037353537333b7265717565737465645f706167657c733a35383a22687474703a2f2f6c6f63616c686f73742f616c756d6e692f7075626c69632f696e6465782e7068702f61646d696e2f6e6577732f637265617465223b70726576696f75735f706167657c733a35383a22687474703a2f2f6c6f63616c686f73742f616c756d6e692f7075626c69632f696e6465782e7068702f61646d696e2f6e6577732f637265617465223b757365725f69647c733a313a2231223b617574685f637573746f6d7c733a353a2261646d696e223b757365725f746f6b656e7c733a34303a2230383734373565383733636339316636343065323931626666626634323264336662623836343366223b6964656e746974797c733a31393a2261646d696e406d79626f6e666972652e636f6d223b726f6c655f69647c733a313a2231223b6c6f676765645f696e7c623a313b6c616e67756167657c733a373a22656e676c697368223b),
('875976787f7e03d6132570d6811a4bd7067a4576', '::1', 1479101504, 0x5f5f63695f6c6173745f726567656e65726174657c693a313437393130313530333b7265717565737465645f706167657c733a36303a22687474703a2f2f6c6f63616c686f73742f616c756d6e692f7075626c69632f696e6465782e7068702f61646d696e2f6e6577732f706167696e617465223b6d6573736167657c733a303a22223b5f5f63695f766172737c613a313a7b733a373a226d657373616765223b733a333a226e6577223b7d),
('06ee728b1181db25d4cf81722abb4b9f1cfa6365', '::1', 1479102482, 0x5f5f63695f6c6173745f726567656e65726174657c693a313437393130323336383b7265717565737465645f706167657c733a35383a22687474703a2f2f6c6f63616c686f73742f616c756d6e692f7075626c69632f696e6465782e7068702f61646d696e2f6e6577732f637265617465223b757365725f69647c733a313a2231223b617574685f637573746f6d7c733a353a2261646d696e223b757365725f746f6b656e7c733a34303a2230383734373565383733636339316636343065323931626666626634323264336662623836343366223b6964656e746974797c733a31393a2261646d696e406d79626f6e666972652e636f6d223b726f6c655f69647c733a313a2231223b6c6f676765645f696e7c623a313b6c616e67756167657c733a373a22656e676c697368223b70726576696f75735f706167657c733a35383a22687474703a2f2f6c6f63616c686f73742f616c756d6e692f7075626c69632f696e6465782e7068702f61646d696e2f6e6577732f637265617465223b);

-- --------------------------------------------------------

--
-- Table structure for table `bf_email_queue`
--

CREATE TABLE `bf_email_queue` (
  `id` int(11) NOT NULL,
  `to_email` varchar(254) NOT NULL,
  `subject` varchar(255) NOT NULL,
  `message` text NOT NULL,
  `alt_message` text,
  `max_attempts` int(11) NOT NULL DEFAULT '3',
  `attempts` int(11) NOT NULL DEFAULT '0',
  `success` tinyint(1) NOT NULL DEFAULT '0',
  `date_published` datetime DEFAULT NULL,
  `last_attempt` datetime DEFAULT NULL,
  `date_sent` datetime DEFAULT NULL,
  `csv_attachment` text
) ENGINE=MyISAM DEFAULT CHARSET=utf8;

-- --------------------------------------------------------

--
-- Table structure for table `bf_login_attempts`
--

CREATE TABLE `bf_login_attempts` (
  `id` bigint(20) NOT NULL,
  `ip_address` varchar(45) NOT NULL,
  `login` varchar(255) NOT NULL,
  `time` timestamp NULL DEFAULT CURRENT_TIMESTAMP
) ENGINE=MyISAM DEFAULT CHARSET=utf8;

-- --------------------------------------------------------

--
-- Table structure for table `bf_permissions`
--

CREATE TABLE `bf_permissions` (
  `permission_id` int(11) NOT NULL,
  `name` varchar(255) NOT NULL,
  `description` varchar(100) NOT NULL,
  `status` enum('active','inactive','deleted') NOT NULL DEFAULT 'active'
) ENGINE=MyISAM DEFAULT CHARSET=utf8;

--
-- Dumping data for table `bf_permissions`
--

INSERT INTO `bf_permissions` (`permission_id`, `name`, `description`, `status`) VALUES
(2, 'Site.Content.View', 'Allow users to view the Content Context', 'active'),
(3, 'Site.Reports.View', 'Allow users to view the Reports Context', 'active'),
(4, 'Site.Settings.View', 'Allow users to view the Settings Context', 'active'),
(5, 'Site.Developer.View', 'Allow users to view the Developer Context', 'active'),
(6, 'Bonfire.Roles.Manage', 'Allow users to manage the user Roles', 'active'),
(7, 'Bonfire.Users.Manage', 'Allow users to manage the site Users', 'active'),
(8, 'Bonfire.Users.View', 'Allow users access to the User Settings', 'active'),
(9, 'Bonfire.Users.Add', 'Allow users to add new Users', 'active'),
(10, 'Bonfire.Database.Manage', 'Allow users to manage the Database settings', 'active'),
(11, 'Bonfire.Emailer.Manage', 'Allow users to manage the Emailer settings', 'active'),
(12, 'Bonfire.Logs.View', 'Allow users access to the Log details', 'active'),
(13, 'Bonfire.Logs.Manage', 'Allow users to manage the Log files', 'active'),
(14, 'Bonfire.Emailer.View', 'Allow users access to the Emailer settings', 'active'),
(15, 'Site.Signin.Offline', 'Allow users to login to the site when the site is offline', 'active'),
(16, 'Bonfire.Permissions.View', 'Allow access to view the Permissions menu unders Settings Context', 'active'),
(17, 'Bonfire.Permissions.Manage', 'Allow access to manage the Permissions in the system', 'active'),
(18, 'Bonfire.Modules.Add', 'Allow creation of modules with the builder.', 'active'),
(19, 'Bonfire.Modules.Delete', 'Allow deletion of modules.', 'active'),
(20, 'Permissions.Administrator.Manage', 'To manage the access control permissions for the Administrator role.', 'active'),
(21, 'Permissions.Editor.Manage', 'To manage the access control permissions for the Editor role.', 'active'),
(49, 'Bonfire.Roles.Add', 'To add New Roles', 'active'),
(23, 'Permissions.User.Manage', 'To manage the access control permissions for the User role.', 'active'),
(24, 'Permissions.Developer.Manage', 'To manage the access control permissions for the Developer role.', 'active'),
(48, 'Bonfire.Profiler.View', 'To view the Console Profiler Bar.', 'active'),
(26, 'Activities.Own.View', 'To view the users own activity logs', 'active'),
(27, 'Activities.Own.Delete', 'To delete the users own activity logs', 'active'),
(28, 'Activities.User.View', 'To view the user activity logs', 'active'),
(29, 'Activities.User.Delete', 'To delete the user activity logs, except own', 'active'),
(30, 'Activities.Module.View', 'To view the module activity logs', 'active'),
(31, 'Activities.Module.Delete', 'To delete the module activity logs', 'active'),
(32, 'Activities.Date.View', 'To view the users own activity logs', 'active'),
(33, 'Activities.Date.Delete', 'To delete the dated activity logs', 'active'),
(34, 'Bonfire.UI.Manage', 'Manage the Bonfire UI settings', 'active'),
(35, 'Bonfire.Settings.View', 'To view the site settings page.', 'active'),
(36, 'Bonfire.Settings.Manage', 'To manage the site settings.', 'active'),
(37, 'Bonfire.Activities.View', 'To view the Activities menu.', 'active'),
(38, 'Bonfire.Database.View', 'To view the Database menu.', 'active'),
(39, 'Bonfire.Migrations.View', 'To view the Migrations menu.', 'active'),
(40, 'Bonfire.Builder.View', 'To view the Modulebuilder menu.', 'active'),
(41, 'Bonfire.Roles.View', 'To view the Roles menu.', 'active'),
(42, 'Bonfire.Sysinfo.View', 'To view the System Information page.', 'active'),
(43, 'Bonfire.Translate.Manage', 'To manage the Language Translation.', 'active'),
(44, 'Bonfire.Translate.View', 'To view the Language Translate menu.', 'active'),
(45, 'Bonfire.UI.View', 'To view the UI/Keyboard Shortcut menu.', 'active');

-- --------------------------------------------------------

--
-- Table structure for table `bf_roles`
--

CREATE TABLE `bf_roles` (
  `role_id` int(11) NOT NULL,
  `role_name` varchar(60) NOT NULL,
  `description` varchar(255) DEFAULT NULL,
  `default` tinyint(1) NOT NULL DEFAULT '0',
  `can_delete` tinyint(1) NOT NULL DEFAULT '1',
  `login_destination` varchar(255) NOT NULL DEFAULT '/',
  `default_context` varchar(255) DEFAULT 'content',
  `deleted` int(1) NOT NULL DEFAULT '0'
) ENGINE=MyISAM DEFAULT CHARSET=utf8;

--
-- Dumping data for table `bf_roles`
--

INSERT INTO `bf_roles` (`role_id`, `role_name`, `description`, `default`, `can_delete`, `login_destination`, `default_context`, `deleted`) VALUES
(1, 'Administrator', 'Has full control over every aspect of the site.', 0, 0, '', 'content', 0),
(2, 'Editor', 'Can handle day-to-day management, but does not have full power.', 0, 1, '', 'content', 0),
(4, 'User', 'This is the default user with access to login.', 1, 0, '', 'content', 0),
(6, 'Developer', 'Developers typically are the only ones that can access the developer tools. Otherwise identical to Administrators, at least until the site is handed off.', 0, 1, '', 'content', 0);

-- --------------------------------------------------------

--
-- Table structure for table `bf_role_permissions`
--

CREATE TABLE `bf_role_permissions` (
  `role_id` int(11) NOT NULL,
  `permission_id` int(11) NOT NULL
) ENGINE=MyISAM DEFAULT CHARSET=utf8;

--
-- Dumping data for table `bf_role_permissions`
--

INSERT INTO `bf_role_permissions` (`role_id`, `permission_id`) VALUES
(1, 2),
(1, 3),
(1, 4),
(1, 5),
(1, 6),
(1, 7),
(1, 8),
(1, 9),
(1, 10),
(1, 11),
(1, 12),
(1, 13),
(1, 14),
(1, 15),
(1, 16),
(1, 17),
(1, 18),
(1, 19),
(1, 20),
(1, 21),
(1, 23),
(1, 24),
(1, 26),
(1, 27),
(1, 28),
(1, 29),
(1, 30),
(1, 31),
(1, 32),
(1, 33),
(1, 34),
(1, 35),
(1, 36),
(1, 37),
(1, 38),
(1, 39),
(1, 40),
(1, 41),
(1, 42),
(1, 43),
(1, 44),
(1, 45),
(1, 48),
(1, 49),
(2, 2),
(2, 3),
(6, 2),
(6, 3),
(6, 4),
(6, 5),
(6, 6),
(6, 7),
(6, 8),
(6, 9),
(6, 10),
(6, 11),
(6, 12),
(6, 13),
(6, 48);

-- --------------------------------------------------------

--
-- Table structure for table `bf_schema_version`
--

CREATE TABLE `bf_schema_version` (
  `type` varchar(40) NOT NULL,
  `version` int(4) NOT NULL DEFAULT '0'
) ENGINE=MyISAM DEFAULT CHARSET=utf8;

--
-- Dumping data for table `bf_schema_version`
--

INSERT INTO `bf_schema_version` (`type`, `version`) VALUES
('core', 43);

-- --------------------------------------------------------

--
-- Table structure for table `bf_sessions`
--

CREATE TABLE `bf_sessions` (
  `session_id` varchar(40) NOT NULL DEFAULT '0',
  `ip_address` varchar(45) NOT NULL DEFAULT '0',
  `user_agent` varchar(120) NOT NULL,
  `last_activity` int(10) UNSIGNED NOT NULL DEFAULT '0',
  `user_data` text NOT NULL
) ENGINE=MyISAM DEFAULT CHARSET=utf8;

-- --------------------------------------------------------

--
-- Table structure for table `bf_settings`
--

CREATE TABLE `bf_settings` (
  `name` varchar(30) NOT NULL,
  `module` varchar(255) NOT NULL,
  `value` varchar(255) NOT NULL
) ENGINE=MyISAM DEFAULT CHARSET=utf8;

--
-- Dumping data for table `bf_settings`
--

INSERT INTO `bf_settings` (`name`, `module`, `value`) VALUES
('site.title', 'core', 'My Bonfire'),
('site.system_email', 'core', 'admin@mybonfire.com'),
('site.status', 'core', '1'),
('site.list_limit', 'core', '25'),
('site.show_profiler', 'core', '1'),
('site.show_front_profiler', 'core', '1'),
('auth.allow_register', 'core', '1'),
('auth.login_type', 'core', 'email'),
('auth.use_usernames', 'core', '1'),
('auth.allow_remember', 'core', '1'),
('auth.remember_length', 'core', '1209600'),
('auth.do_login_redirect', 'core', '1'),
('auth.use_extended_profile', 'core', '0'),
('sender_email', 'email', ''),
('protocol', 'email', 'mail'),
('mailpath', 'email', '/usr/sbin/sendmail'),
('smtp_host', 'email', ''),
('smtp_user', 'email', ''),
('smtp_pass', 'email', ''),
('smtp_port', 'email', ''),
('smtp_timeout', 'email', ''),
('mailtype', 'email', 'text'),
('site.languages', 'core', 'a:3:{i:0;s:7:"english";i:1;s:10:"portuguese";i:2;s:7:"persian";}'),
('auth.allow_name_change', 'core', '1'),
('auth.name_change_frequency', 'core', '1'),
('auth.name_change_limit', 'core', '1'),
('auth.password_min_length', 'core', '8'),
('auth.password_force_numbers', 'core', '0'),
('auth.password_force_symbols', 'core', '0'),
('auth.password_force_mixed_case', 'core', '0'),
('form_save', 'core.ui', 'ctrl+s/+s'),
('goto_content', 'core.ui', 'alt+c'),
('auth.user_activation_method', 'core', '0'),
('auth.password_show_labels', 'core', '0'),
('password_iterations', 'users', '8'),
('site.offline_reason', 'core', '');

-- --------------------------------------------------------

--
-- Table structure for table `bf_tbl_events`
--

CREATE TABLE `bf_tbl_events` (
  `id` int(11) NOT NULL,
  `title` varchar(250) NOT NULL,
  `location` varchar(250) NOT NULL,
  `date` datetime NOT NULL,
  `image` varchar(1000) DEFAULT NULL,
  `description` text NOT NULL,
  `created_date` date NOT NULL,
  `deleted` tinyint(1) DEFAULT '0',
  `last_modified_date` timestamp NULL DEFAULT CURRENT_TIMESTAMP
) ENGINE=MyISAM DEFAULT CHARSET=latin1;

--
-- Dumping data for table `bf_tbl_events`
--

INSERT INTO `bf_tbl_events` (`id`, `title`, `location`, `date`, `image`, `description`, `created_date`, `deleted`, `last_modified_date`) VALUES
(1, 'Hope Event', 'Covenant University ALDC Building', '2016-03-03 00:00:00', 'http://server.com/iamge.jpg', 'Sharing is caring adfdsf', '2016-01-10', 0, '2016-10-30 12:31:36'),
(2, 'Hope Event', 'Covenant University ALDC Building', '2016-03-03 00:00:00', NULL, 'Sharing is caring adfdsf', '2016-01-10', 0, '2016-10-30 12:32:25'),
(3, 'ADAD Event', 'Cadfaovenant University ALDC Building', '2016-03-03 00:00:00', NULL, 'Sharing is caring adfdsf', '2016-01-10', 0, '2016-10-30 12:32:34'),
(4, 'ADAD Event', 'Cadfaovenant University ALDC Building', '2016-03-03 00:00:00', NULL, 'Sharing is caring adfdsf', '2016-01-10', 0, '2016-10-30 12:32:35'),
(5, 'ADAD Event', 'Cadfaovenant University ALDC Building', '2016-03-03 00:00:00', NULL, 'Sharing is caring adfdsf', '2016-01-10', 0, '2016-10-30 12:32:35'),
(6, 'ADAD Event', 'Cadfaovenant University ALDC Building', '2016-03-03 00:00:00', NULL, 'Sharing is caring adfdsf', '2016-01-10', 0, '2016-10-30 12:32:36'),
(7, 'ADAD Event', 'Cadfaovenant University ALDC Building', '2016-03-03 00:00:00', NULL, 'Sharing is caring adfdsf', '2016-01-10', 0, '2016-10-30 12:32:37'),
(8, 'ADAD Event', 'Cadfaovenant University ALDC Building', '2016-03-03 00:00:00', NULL, 'Sharing is caring adfdsf', '2016-01-10', 0, '2016-10-30 12:32:37'),
(9, 'ADAD Event', 'Cadfaovenant University ALDC Building', '2016-03-03 00:00:00', NULL, 'Sharing is caring adfdsf', '2016-01-10', 0, '2016-10-30 12:32:37'),
(10, 'ADAD Event', 'Cadfaovenant University ALDC Building', '2016-03-03 00:00:00', NULL, 'Sharing is caring adfdsf', '2016-01-10', 0, '2016-10-30 12:32:38'),
(11, 'ADAD Event', 'Cadfaovenant University ALDC Building', '2016-03-03 00:00:00', NULL, 'Sharing is caring adfdsf', '2016-01-10', 0, '2016-10-30 12:32:38'),
(12, 'ADAD Event', 'Cadfaovenant University ALDC Building', '2016-03-03 00:00:00', NULL, 'Sharing is caring adfdsf', '2016-01-10', 0, '2016-10-30 12:32:38'),
(13, 'ADAD Event', 'Cadfaovenant University ALDC Building', '2016-03-03 00:00:00', NULL, 'Sharing is caring adfdsf', '2016-01-10', 0, '2016-10-30 12:32:39'),
(14, 'ADAD Event', 'Cadfaovenant University ALDC Building', '2016-03-03 00:00:00', NULL, 'Sharing is caring adfdsf', '2016-01-10', 0, '2016-10-30 12:32:39'),
(15, 'ADAD Event', 'Cadfaovenant University ALDC Building', '2016-03-03 00:00:00', NULL, 'Sharing is caring adfdsf', '2016-01-10', 0, '2016-10-30 12:32:39'),
(16, 'ADAD Event', 'Cadfaovenant University ALDC Building', '2016-03-03 00:00:00', NULL, 'Sharing is caring adfdsf', '2016-01-10', 0, '2016-10-30 12:32:39'),
(17, 'ADAD Event', 'Cadfaovenant University ALDC Building', '2016-03-03 00:00:00', NULL, 'Sharing is caring adfdsf', '2016-01-10', 0, '2016-10-30 12:32:40'),
(18, 'ADAD Event', 'Cadfaovenant University ALDC Building', '2016-03-03 00:00:00', NULL, 'Sharing is caring adfdsf', '2016-01-10', 0, '2016-10-30 12:32:40'),
(19, 'ADAD Event', 'Cadfaovenant University ALDC Building', '2016-03-03 00:00:00', NULL, 'Sharing is caring adfdsf', '2016-01-10', 0, '2016-10-30 12:32:40'),
(20, 'ADAD Event', 'Cadfaovenant University ALDC Building', '2016-03-03 00:00:00', NULL, 'Sharing is caring adfdsf', '2016-01-10', 0, '2016-10-30 12:32:40'),
(21, 'ADAD Event', 'Cadfaovenant University ALDC Building', '2016-03-03 00:00:00', NULL, 'Sharing is caring adfdsf', '2016-01-10', 0, '2016-10-30 12:32:41'),
(22, 'ADAD Event', 'Cadfaovenant University ALDC Building', '2016-03-03 00:00:00', NULL, 'Sharing is caring adfdsf', '2016-01-10', 0, '2016-10-30 12:32:41'),
(23, 'ADAD Event', 'Cadfaovenant University ALDC Building', '2016-03-03 00:00:00', NULL, 'Sharing is caring adfdsf', '2016-01-10', 0, '2016-10-30 12:42:25'),
(24, 'ADAD Event', 'Cadfaovenant University ALDC Building', '2016-12-11 00:00:00', NULL, 'Sharing is caring adfdsf', '2016-01-10', 0, '2016-11-11 20:23:00'),
(25, 'ADAD Event', 'Cadfaovenant University ALDC Building', '2016-12-11 07:00:00', NULL, 'Sharing is caring adfdsf', '2016-01-10', 0, '2016-11-11 20:23:25'),
(26, 'ADAD Event', 'Cadfaovenant University ALDC Building', '2016-12-11 07:00:00', NULL, 'Sharing is caring adfdsf', '2016-01-10', 0, '2016-11-11 20:23:48');

-- --------------------------------------------------------

--
-- Table structure for table `bf_tbl_events_invitations`
--

CREATE TABLE `bf_tbl_events_invitations` (
  `id` int(11) NOT NULL,
  `user_id` int(11) NOT NULL,
  `event_id` int(11) NOT NULL,
  `attending` tinyint(1) NOT NULL,
  `last_modified_date` timestamp NULL DEFAULT CURRENT_TIMESTAMP
) ENGINE=MyISAM DEFAULT CHARSET=latin1;

--
-- Dumping data for table `bf_tbl_events_invitations`
--

INSERT INTO `bf_tbl_events_invitations` (`id`, `user_id`, `event_id`, `attending`, `last_modified_date`) VALUES
(1, 1, 1, 1, '2016-10-31 10:48:50'),
(2, 2, 1, 0, '2016-10-31 10:49:09');

-- --------------------------------------------------------

--
-- Table structure for table `bf_tbl_jobs`
--

CREATE TABLE `bf_tbl_jobs` (
  `id` int(11) NOT NULL,
  `category_id` int(11) NOT NULL,
  `title` varchar(255) NOT NULL,
  `location` varchar(255) NOT NULL,
  `description` text NOT NULL,
  `created_date` date NOT NULL,
  `end_date` date NOT NULL,
  `last_modified_date` timestamp NULL DEFAULT CURRENT_TIMESTAMP
) ENGINE=MyISAM DEFAULT CHARSET=latin1;

--
-- Dumping data for table `bf_tbl_jobs`
--

INSERT INTO `bf_tbl_jobs` (`id`, `category_id`, `title`, `location`, `description`, `created_date`, `end_date`, `last_modified_date`) VALUES
(1, 1, 'Software Developer', 'Lagos, Nigeria', 'Interswitch Nigeria need software developers to fafasdf dsaf dasf dsaf adsfas', '2016-05-01', '2017-04-01', '2016-11-05 14:59:46'),
(2, 1, 'Software Engineer', 'Lagos Nigeria', 'Interswitch Nigeria need software developers to fafasdf dsaf dasf dsaf adsfas', '2016-05-01', '2017-04-01', '2016-11-05 15:00:06'),
(3, 1, 'Software Engineer', 'Lagos Nigeria', 'Interswitch Nigeria need software developers to fafasdf dsaf dasf dsaf adsfas', '2016-05-01', '2017-04-01', '2016-11-05 15:00:07'),
(4, 1, 'Software Engineer', 'Lagos Nigeria', 'Interswitch Nigeria need software developers to fafasdf dsaf dasf dsaf adsfas', '2016-05-01', '2017-04-01', '2016-11-05 15:00:08'),
(5, 1, 'Software Engineer', 'Lagos Nigeria', 'Interswitch Nigeria need software developers to fafasdf dsaf dasf dsaf adsfas', '2016-05-01', '2017-04-01', '2016-11-05 15:00:08'),
(6, 1, 'Software Developer', 'Lagos, Nigeria', 'Interswitch Nigeria need software developers to fafasdf dsaf dasf dsaf adsfas', '2016-05-01', '2017-04-01', '2016-11-05 15:59:50'),
(7, 2, 'Software Engineer', 'Lagos Nigeria', 'Interswitch Nigeria need software developers to fafasdf dsaf dasf dsaf adsfas', '2016-05-01', '2017-04-01', '2016-11-05 16:35:56'),
(8, 1, 'Software Engineer', 'Lagos Nigeria', 'Interswitch Nigeria need software developers to fafasdf dsaf dasf dsaf adsfas', '2016-05-01', '2017-04-01', '2016-11-13 15:22:11');

-- --------------------------------------------------------

--
-- Table structure for table `bf_tbl_job_category`
--

CREATE TABLE `bf_tbl_job_category` (
  `id` int(11) NOT NULL,
  `name` varchar(255) NOT NULL
) ENGINE=MyISAM DEFAULT CHARSET=latin1;

--
-- Dumping data for table `bf_tbl_job_category`
--

INSERT INTO `bf_tbl_job_category` (`id`, `name`) VALUES
(1, 'Oil and gas'),
(2, 'Accounting'),
(3, 'Computer and Information Technology');

-- --------------------------------------------------------

--
-- Table structure for table `bf_tbl_news`
--

CREATE TABLE `bf_tbl_news` (
  `id` int(11) NOT NULL,
  `headline` varchar(250) NOT NULL,
  `brief` varchar(150) DEFAULT NULL,
  `description` text NOT NULL,
  `publish_date` date DEFAULT NULL,
  `author` varchar(150) NOT NULL,
  `tweet_text` varchar(140) DEFAULT NULL,
  `created_date` date DEFAULT NULL,
  `tags` text,
  `image` varchar(1000) DEFAULT NULL,
  `deleted` tinyint(1) DEFAULT '0',
  `last_modified_date` timestamp NULL DEFAULT CURRENT_TIMESTAMP
) ENGINE=MyISAM DEFAULT CHARSET=latin1;

--
-- Dumping data for table `bf_tbl_news`
--

INSERT INTO `bf_tbl_news` (`id`, `headline`, `brief`, `description`, `publish_date`, `author`, `tweet_text`, `created_date`, `tags`, `image`, `deleted`, `last_modified_date`) VALUES
(1, 'Cuala should go live on January 3rd', 'short description', 'We charged a small amount compared to the quality we are trying to add to this solution', '2016-01-10', 'Nnaji Arinze Daniel', 'Tweet text for share with twiiter', '2016-01-10', 'Alumni, Covenant University, univeristy,cuaala', 'http://server.com/iamge.jpg', 0, '2016-10-29 10:30:19'),
(2, 'This is the headline', 'short description', 'The main news goes here all the cool story about whatever and whowe ver did whoever goes in here', '2016-01-10', 'Nnaji Arinze Daniel', 'Tweet text for share with twiiter', '2016-01-10', 'Alumni, Covenant University, univeristy,cuaala', 'http://server.com/iamge.jpg', 0, '2016-10-29 10:30:43'),
(3, 'This is the headline', 'short description', 'The main news goes here all the cool story about whatever and whowe ver did whoever goes in here', '2016-01-10', 'Nnaji Arinze Daniel', 'Tweet text for share with twiiter', '2016-01-10', 'Alumni, Covenant University, univeristy,cuaala', 'http://server.com/iamge.jpg', 0, '2016-10-29 20:00:56'),
(4, 'This is the headline', 'short description', 'The main news goes here all the cool story about whatever and whowe ver did whoever goes in here', '2016-01-10', 'Nnaji Arinze Daniel', 'Tweet text for share with twiiter', '2016-01-10', 'Alumni, Covenant University, univeristy,cuaala', 'http://server.com/iamge.jpg', 0, '2016-10-29 20:00:58'),
(5, 'This is the headline', 'short description', 'The main news goes here all the cool story about whatever and whowe ver did whoever goes in here', '2016-01-10', 'Nnaji Arinze Daniel', 'Tweet text for share with twiiter', '2016-01-10', 'Alumni, Covenant University, univeristy,cuaala', 'http://server.com/iamge.jpg', 0, '2016-10-29 20:00:59'),
(6, 'This is the headline', 'short description', 'The main news goes here all the cool story about whatever and whowe ver did whoever goes in here', '2016-01-10', 'Nnaji Arinze Daniel', 'Tweet text for share with twiiter', '2016-01-10', 'Alumni, Covenant University, univeristy,cuaala', 'http://server.com/iamge.jpg', 0, '2016-10-29 20:00:59'),
(7, 'This is the headline', 'short description', 'The main news goes here all the cool story about whatever and whowe ver did whoever goes in here', '2016-01-10', 'Nnaji Arinze Daniel', 'Tweet text for share with twiiter', '2016-01-10', 'Alumni, Covenant University, univeristy,cuaala', 'http://server.com/iamge.jpg', 0, '2016-10-29 20:01:00'),
(8, 'This is the headline', 'short description', 'The main news goes here all the cool story about whatever and whowe ver did whoever goes in here', '2016-01-10', 'Nnaji Arinze Daniel', 'Tweet text for share with twiiter', '2016-01-10', 'Alumni, Covenant University, univeristy,cuaala', 'http://server.com/iamge.jpg', 0, '2016-10-29 20:01:00'),
(9, 'This is the headline', 'short description', 'The main news goes here all the cool story about whatever and whowe ver did whoever goes in here', '2016-01-10', 'Nnaji Arinze Daniel', 'Tweet text for share with twiiter', '2016-01-10', 'Alumni, Covenant University, univeristy,cuaala', 'http://server.com/iamge.jpg', 0, '2016-10-29 20:01:01'),
(10, 'This is the headline', 'short description', 'The main news goes here all the cool story about whatever and whowe ver did whoever goes in here', '2016-01-10', 'Nnaji Arinze Daniel', 'Tweet text for share with twiiter', '2016-01-10', 'Alumni, Covenant University, univeristy,cuaala', 'http://server.com/iamge.jpg', 0, '2016-10-29 20:01:01'),
(11, 'This is the headline', 'short description', 'The main news goes here all the cool story about whatever and whowe ver did whoever goes in here', '2016-01-10', 'Nnaji Arinze Daniel', 'Tweet text for share with twiiter', '2016-01-10', 'Alumni, Covenant University, univeristy,cuaala', 'http://server.com/iamge.jpg', 0, '2016-10-29 20:01:02'),
(12, 'This is the headline', 'short description', 'The main news goes here all the cool story about whatever and whowe ver did whoever goes in here', '2016-01-10', 'Nnaji Arinze Daniel', 'Tweet text for share with twiiter', '2016-01-10', 'Alumni, Covenant University, univeristy,cuaala', 'http://server.com/iamge.jpg', 0, '2016-10-29 20:01:03'),
(13, 'This is the headline', 'short description', 'The main news goes here all the cool story about whatever and whowe ver did whoever goes in here', '2016-01-10', 'Nnaji Arinze Daniel', 'Tweet text for share with twiiter', '2016-01-10', 'Alumni, Covenant University, univeristy,cuaala', 'http://server.com/iamge.jpg', 0, '2016-10-29 20:01:03'),
(14, 'This is the headline', 'short description', 'The main news goes here all the cool story about whatever and whowe ver did whoever goes in here', '2016-01-10', 'Nnaji Arinze Daniel', 'Tweet text for share with twiiter', '2016-01-10', 'Alumni, Covenant University, univeristy,cuaala', 'http://server.com/iamge.jpg', 0, '2016-10-29 20:01:04'),
(15, 'This is the headline', 'short description', 'The main news goes here all the cool story about whatever and whowe ver did whoever goes in here', '2016-01-10', 'Nnaji Arinze Daniel', 'Tweet text for share with twiiter', '2016-01-10', 'Alumni, Covenant University, univeristy,cuaala', 'http://server.com/iamge.jpg', 0, '2016-10-29 20:01:04'),
(16, 'This is the headline', 'short description', 'The main news goes here all the cool story about whatever and whowe ver did whoever goes in here', '2016-01-10', 'Nnaji Arinze Daniel', 'Tweet text for share with twiiter', '2016-01-10', 'Alumni, Covenant University, univeristy,cuaala', 'http://server.com/iamge.jpg', 0, '2016-10-29 20:01:05'),
(17, 'This is the headline', 'short description', 'The main news goes here all the cool story about whatever and whowe ver did whoever goes in here', '2016-01-10', 'Nnaji Arinze Daniel', 'Tweet text for share with twiiter', '2016-01-10', 'Alumni, Covenant University, univeristy,cuaala', 'http://server.com/iamge.jpg', 0, '2016-10-29 20:01:05'),
(18, 'This is the headline', 'short description', 'The main news goes here all the cool story about whatever and whowe ver did whoever goes in here', '2016-01-10', 'Nnaji Arinze Daniel', 'Tweet text for share with twiiter', '2016-01-10', 'Alumni, Covenant University, univeristy,cuaala', 'http://server.com/iamge.jpg', 0, '2016-10-29 20:01:06'),
(19, 'This is the headline', 'short description', 'The main news goes here all the cool story about whatever and whowe ver did whoever goes in here', '2016-01-10', 'Nnaji Arinze Daniel', 'Tweet text for share with twiiter', '2016-01-10', 'Alumni, Covenant University, univeristy,cuaala', 'http://server.com/iamge.jpg', 0, '2016-10-29 20:01:06'),
(20, 'This is the headline', 'short description', 'The main news goes here all the cool story about whatever and whowe ver did whoever goes in here', '2016-01-10', 'Nnaji Arinze Daniel', 'Tweet text for share with twiiter', '2016-01-10', 'Alumni, Covenant University, univeristy,cuaala', 'http://server.com/iamge.jpg', 1, '2016-10-29 20:01:07'),
(21, 'This is the headline', 'short description', 'The main news goes here all the cool story about whatever and whowe ver did whoever goes in here', '2016-01-10', 'Nnaji Arinze Daniel', 'Tweet text for share with twiiter', '2016-01-10', 'Alumni, Covenant University, univeristy,cuaala', 'http://server.com/iamge.jpg', 0, '2016-10-29 20:01:07'),
(22, 'This is the headline', 'short description', 'The main news goes here all the cool story about whatever and whowe ver did whoever goes in here', '2016-01-10', 'Nnaji Arinze Daniel', 'Tweet text for share with twiiter', '2016-01-10', 'Alumni, Covenant University, univeristy,cuaala', 'http://server.com/iamge.jpg', 0, '2016-10-29 20:01:07'),
(23, 'This is the headline', 'short description', 'The main news goes here all the cool story about whatever and whowe ver did whoever goes in here', '2016-01-10', 'Nnaji Arinze Daniel', 'Tweet text for share with twiiter', '2016-01-10', 'Alumni, Covenant University, univeristy,cuaala', 'http://server.com/iamge.jpg', 0, '2016-10-30 07:03:48'),
(24, 'This is the headline', 'short description', 'The main news goes here all the cool story about whatever and whowe ver did whoever goes in here', '2016-01-10', 'Nnaji Arinze Daniel', 'Tweet text for share with twiiter', '2016-01-10', 'Alumni, Covenant University, univeristy,cuaala', 'http://server.com/iamge.jpg', 0, '2016-10-30 07:07:18'),
(25, 'string', 'strisSAFng', 'ljlkjl', '2016-04-03', 'DSD', 'string', '2016-04-03', 'string', 'string', 1, '2016-10-30 07:09:48');

-- --------------------------------------------------------

--
-- Table structure for table `bf_tbl_news_comments`
--

CREATE TABLE `bf_tbl_news_comments` (
  `id` int(11) NOT NULL,
  `news_id` int(11) NOT NULL,
  `user_id` int(11) NOT NULL,
  `comment` text NOT NULL,
  `last_modified_date` timestamp NULL DEFAULT CURRENT_TIMESTAMP
) ENGINE=MyISAM DEFAULT CHARSET=latin1;

--
-- Dumping data for table `bf_tbl_news_comments`
--

INSERT INTO `bf_tbl_news_comments` (`id`, `news_id`, `user_id`, `comment`, `last_modified_date`) VALUES
(1, 1, 1, 'The main news goes here all the cool story about whatever and whowe ver did whoever goes in here', '2016-10-31 15:57:29'),
(2, 0, 1, 'The main news goes here all the cool story about whatever and whowe ver did whoever goes in here', '2016-11-02 09:49:27'),
(3, 0, 1, 'The main news goes here all the cool story about whatever and whowe ver did whoever goes in here', '2016-11-02 09:49:34');

-- --------------------------------------------------------

--
-- Table structure for table `bf_tbl_users`
--

CREATE TABLE `bf_tbl_users` (
  `id` int(11) NOT NULL,
  `fb_id` varchar(30) NOT NULL,
  `name` varchar(255) NOT NULL,
  `email` varchar(255) NOT NULL,
  `phone` varchar(255) NOT NULL,
  `matric_no` varchar(11) NOT NULL,
  `reg_no` varchar(10) DEFAULT NULL,
  `grad_year` int(11) NOT NULL,
  `image` varchar(255) DEFAULT NULL,
  `course` varchar(255) DEFAULT NULL,
  `occupation` varchar(255) DEFAULT NULL
) ENGINE=MyISAM DEFAULT CHARSET=latin1;

--
-- Dumping data for table `bf_tbl_users`
--

INSERT INTO `bf_tbl_users` (`id`, `fb_id`, `name`, `email`, `phone`, `matric_no`, `reg_no`, `grad_year`, `image`, `course`, `occupation`) VALUES
(1, '39399349344', 'Nnaji Arinze', 'arinzennajidaniel@gmail.com', '08035595772', '09CG010300', NULL, 2013, NULL, 'Computer Science', 'Software Engineer'),
(2, '3929344', 'lilian nwaeze', 'lilkian@gmail.com', '08035525772', '09CG0103', NULL, 2013, NULL, 'Computer Science', 'Software Engineer'),
(3, '393993493244', 'Nnaji Arinze', 'arinzendnajidaniel@gmail.com', '08035535772', '09FG010300', NULL, 2013, NULL, 'Accounting', 'Software Engineer'),
(4, '434534', 'user user', 'dfsad@gmail.com', '08034472336', '09CG310300', NULL, 2013, NULL, 'Computer Science', NULL);

-- --------------------------------------------------------

--
-- Table structure for table `bf_users`
--

CREATE TABLE `bf_users` (
  `id` bigint(20) UNSIGNED NOT NULL,
  `role_id` int(11) NOT NULL DEFAULT '4',
  `email` varchar(254) NOT NULL,
  `username` varchar(30) NOT NULL DEFAULT '',
  `password_hash` char(60) DEFAULT NULL,
  `reset_hash` varchar(40) DEFAULT NULL,
  `last_login` datetime NOT NULL DEFAULT '0000-00-00 00:00:00',
  `last_ip` varchar(45) NOT NULL DEFAULT '',
  `created_on` datetime NOT NULL DEFAULT '0000-00-00 00:00:00',
  `deleted` tinyint(1) NOT NULL DEFAULT '0',
  `reset_by` int(10) DEFAULT NULL,
  `banned` tinyint(1) NOT NULL DEFAULT '0',
  `ban_message` varchar(255) DEFAULT NULL,
  `display_name` varchar(255) DEFAULT '',
  `display_name_changed` date DEFAULT NULL,
  `timezone` varchar(40) NOT NULL DEFAULT 'UM6',
  `language` varchar(20) NOT NULL DEFAULT 'english',
  `active` tinyint(1) NOT NULL DEFAULT '0',
  `activate_hash` varchar(40) NOT NULL DEFAULT '',
  `force_password_reset` tinyint(1) DEFAULT '0'
) ENGINE=MyISAM DEFAULT CHARSET=utf8;

--
-- Dumping data for table `bf_users`
--

INSERT INTO `bf_users` (`id`, `role_id`, `email`, `username`, `password_hash`, `reset_hash`, `last_login`, `last_ip`, `created_on`, `deleted`, `reset_by`, `banned`, `ban_message`, `display_name`, `display_name_changed`, `timezone`, `language`, `active`, `activate_hash`, `force_password_reset`) VALUES
(1, 1, 'admin@mybonfire.com', 'admin', '$2a$08$NSmCOPwNxiQtynKeci9Hb.bWyB0g8Np7d5zxQEPoeSACY3NhP070.', NULL, '2016-11-14 05:46:08', '::1', '2016-11-06 17:03:13', 0, NULL, 0, NULL, 'admin', NULL, 'UM6', 'english', 1, '', 0);

-- --------------------------------------------------------

--
-- Table structure for table `bf_user_cookies`
--

CREATE TABLE `bf_user_cookies` (
  `user_id` bigint(20) UNSIGNED NOT NULL,
  `token` varchar(128) NOT NULL,
  `created_on` datetime NOT NULL
) ENGINE=MyISAM DEFAULT CHARSET=utf8;

-- --------------------------------------------------------

--
-- Table structure for table `bf_user_meta`
--

CREATE TABLE `bf_user_meta` (
  `meta_id` int(20) UNSIGNED NOT NULL,
  `user_id` bigint(20) UNSIGNED NOT NULL DEFAULT '0',
  `meta_key` varchar(255) NOT NULL DEFAULT '',
  `meta_value` text
) ENGINE=MyISAM DEFAULT CHARSET=utf8;

--
-- Indexes for dumped tables
--

--
-- Indexes for table `bf_activities`
--
ALTER TABLE `bf_activities`
  ADD PRIMARY KEY (`activity_id`);

--
-- Indexes for table `bf_ci3_sessions`
--
ALTER TABLE `bf_ci3_sessions`
  ADD PRIMARY KEY (`id`);

--
-- Indexes for table `bf_email_queue`
--
ALTER TABLE `bf_email_queue`
  ADD PRIMARY KEY (`id`);

--
-- Indexes for table `bf_login_attempts`
--
ALTER TABLE `bf_login_attempts`
  ADD PRIMARY KEY (`id`);

--
-- Indexes for table `bf_permissions`
--
ALTER TABLE `bf_permissions`
  ADD PRIMARY KEY (`permission_id`);

--
-- Indexes for table `bf_roles`
--
ALTER TABLE `bf_roles`
  ADD PRIMARY KEY (`role_id`);

--
-- Indexes for table `bf_role_permissions`
--
ALTER TABLE `bf_role_permissions`
  ADD PRIMARY KEY (`role_id`,`permission_id`);

--
-- Indexes for table `bf_schema_version`
--
ALTER TABLE `bf_schema_version`
  ADD PRIMARY KEY (`type`);

--
-- Indexes for table `bf_sessions`
--
ALTER TABLE `bf_sessions`
  ADD PRIMARY KEY (`session_id`);

--
-- Indexes for table `bf_settings`
--
ALTER TABLE `bf_settings`
  ADD PRIMARY KEY (`name`);

--
-- Indexes for table `bf_tbl_events`
--
ALTER TABLE `bf_tbl_events`
  ADD PRIMARY KEY (`id`);

--
-- Indexes for table `bf_tbl_events_invitations`
--
ALTER TABLE `bf_tbl_events_invitations`
  ADD PRIMARY KEY (`id`);

--
-- Indexes for table `bf_tbl_jobs`
--
ALTER TABLE `bf_tbl_jobs`
  ADD PRIMARY KEY (`id`);

--
-- Indexes for table `bf_tbl_job_category`
--
ALTER TABLE `bf_tbl_job_category`
  ADD PRIMARY KEY (`id`),
  ADD UNIQUE KEY `name` (`name`);

--
-- Indexes for table `bf_tbl_news`
--
ALTER TABLE `bf_tbl_news`
  ADD PRIMARY KEY (`id`);

--
-- Indexes for table `bf_tbl_news_comments`
--
ALTER TABLE `bf_tbl_news_comments`
  ADD PRIMARY KEY (`id`);

--
-- Indexes for table `bf_tbl_users`
--
ALTER TABLE `bf_tbl_users`
  ADD PRIMARY KEY (`id`),
  ADD UNIQUE KEY `fb_id` (`fb_id`),
  ADD UNIQUE KEY `email` (`email`),
  ADD UNIQUE KEY `phone` (`phone`),
  ADD UNIQUE KEY `matric_no` (`matric_no`);

--
-- Indexes for table `bf_users`
--
ALTER TABLE `bf_users`
  ADD PRIMARY KEY (`id`),
  ADD KEY `email` (`email`);

--
-- Indexes for table `bf_user_cookies`
--
ALTER TABLE `bf_user_cookies`
  ADD KEY `token` (`token`);

--
-- Indexes for table `bf_user_meta`
--
ALTER TABLE `bf_user_meta`
  ADD PRIMARY KEY (`meta_id`);

--
-- AUTO_INCREMENT for dumped tables
--

--
-- AUTO_INCREMENT for table `bf_activities`
--
ALTER TABLE `bf_activities`
  MODIFY `activity_id` bigint(20) NOT NULL AUTO_INCREMENT, AUTO_INCREMENT=5;
--
-- AUTO_INCREMENT for table `bf_email_queue`
--
ALTER TABLE `bf_email_queue`
  MODIFY `id` int(11) NOT NULL AUTO_INCREMENT;
--
-- AUTO_INCREMENT for table `bf_login_attempts`
--
ALTER TABLE `bf_login_attempts`
  MODIFY `id` bigint(20) NOT NULL AUTO_INCREMENT;
--
-- AUTO_INCREMENT for table `bf_permissions`
--
ALTER TABLE `bf_permissions`
  MODIFY `permission_id` int(11) NOT NULL AUTO_INCREMENT, AUTO_INCREMENT=50;
--
-- AUTO_INCREMENT for table `bf_roles`
--
ALTER TABLE `bf_roles`
  MODIFY `role_id` int(11) NOT NULL AUTO_INCREMENT, AUTO_INCREMENT=7;
--
-- AUTO_INCREMENT for table `bf_tbl_events`
--
ALTER TABLE `bf_tbl_events`
  MODIFY `id` int(11) NOT NULL AUTO_INCREMENT, AUTO_INCREMENT=27;
--
-- AUTO_INCREMENT for table `bf_tbl_events_invitations`
--
ALTER TABLE `bf_tbl_events_invitations`
  MODIFY `id` int(11) NOT NULL AUTO_INCREMENT, AUTO_INCREMENT=3;
--
-- AUTO_INCREMENT for table `bf_tbl_jobs`
--
ALTER TABLE `bf_tbl_jobs`
  MODIFY `id` int(11) NOT NULL AUTO_INCREMENT, AUTO_INCREMENT=9;
--
-- AUTO_INCREMENT for table `bf_tbl_job_category`
--
ALTER TABLE `bf_tbl_job_category`
  MODIFY `id` int(11) NOT NULL AUTO_INCREMENT, AUTO_INCREMENT=4;
--
-- AUTO_INCREMENT for table `bf_tbl_news`
--
ALTER TABLE `bf_tbl_news`
  MODIFY `id` int(11) NOT NULL AUTO_INCREMENT, AUTO_INCREMENT=26;
--
-- AUTO_INCREMENT for table `bf_tbl_news_comments`
--
ALTER TABLE `bf_tbl_news_comments`
  MODIFY `id` int(11) NOT NULL AUTO_INCREMENT, AUTO_INCREMENT=4;
--
-- AUTO_INCREMENT for table `bf_tbl_users`
--
ALTER TABLE `bf_tbl_users`
  MODIFY `id` int(11) NOT NULL AUTO_INCREMENT, AUTO_INCREMENT=5;
--
-- AUTO_INCREMENT for table `bf_users`
--
ALTER TABLE `bf_users`
  MODIFY `id` bigint(20) UNSIGNED NOT NULL AUTO_INCREMENT, AUTO_INCREMENT=2;
--
-- AUTO_INCREMENT for table `bf_user_meta`
--
ALTER TABLE `bf_user_meta`
  MODIFY `meta_id` int(20) UNSIGNED NOT NULL AUTO_INCREMENT;
/*!40101 SET CHARACTER_SET_CLIENT=@OLD_CHARACTER_SET_CLIENT */;
/*!40101 SET CHARACTER_SET_RESULTS=@OLD_CHARACTER_SET_RESULTS */;
/*!40101 SET COLLATION_CONNECTION=@OLD_COLLATION_CONNECTION */;
